A0,A1,A2,A4,A6,OUTCOME
0.22,0.53,0.49,0.31,0.7,PILL
0.22,0.53,0.49,0.32,0.7,PILL
0.22,0.53,0.49,0.32,0.7,PILL
0.22,0.54,0.49,0.32,0.7,PILL
0.22,0.54,0.49,0.32,0.7,PILL
0.22,0.53,0.49,0.32,0.7,PILL
0.22,0.54,0.49,0.32,0.7,PILL
0.22,0.54,0.49,0.32,0.7,PILL
0.22,0.53,0.49,0.32,0.7,PILL
0.22,0.54,0.49,0.32,0.7,PILL
0.22,0.53,0.49,0.32,0.7,PILL
0.22,0.53,0.49,0.32,0.7,PILL
0.22,0.54,0.49,0.32,0.7,PILL
0.22,0.53,0.49,0.32,0.7,PILL
0.22,0.54,0.49,0.32,0.7,PILL
0.22,0.54,0.49,0.32,0.7,PILL
0.22,0.53,0.49,0.32,0.7,PILL
0.22,0.54,0.49,0.32,0.7,PILL
0.22,0.53,0.49,0.32,0.7,PILL
0.22,0.53,0.49,0.32,0.7,PILL
0.22,0.54,0.49,0.32,0.7,PILL
0.22,0.53,0.49,0.32,0.7,PILL
0.22,0.54,0.49,0.32,0.7,PILL
0.22,0.53,0.49,0.32,0.7,PILL
0.22,0.53,0.49,0.32,0.7,PILL
0.22,0.54,0.49,0.32,0.7,PILL
0.22,0.53,0.49,0.32,0.7,PILL
0.22,0.53,0.49,0.32,0.7,PILL
0.22,0.53,0.49,0.32,0.7,PILL
0.22,0.53,0.49,0.32,0.71,PILL
0.22,0.53,0.49,0.32,0.71,PILL
0.22,0.53,0.49,0.32,0.71,PILL
0.22,0.53,0.49,0.32,0.71,PILL
0.22,0.53,0.49,0.32,0.71,PILL
0.22,0.54,0.49,0.32,0.71,PILL
0.22,0.53,0.49,0.32,0.71,PILL
0.22,0.53,0.49,0.32,0.71,PILL
0.22,0.53,0.49,0.32,0.71,PILL
0.22,0.53,0.49,0.32,0.71,PILL
0.22,0.54,0.49,0.32,0.71,PILL
0.22,0.54,0.49,0.32,0.71,PILL
0.22,0.53,0.49,0.32,0.71,PILL
0.22,0.53,0.49,0.32,0.71,PILL
0.22,0.53,0.49,0.32,0.71,PILL
0.22,0.53,0.49,0.32,0.71,PILL
0.22,0.54,0.49,0.32,0.71,PILL
0.22,0.53,0.49,0.32,0.71,PILL
0.22,0.53,0.49,0.32,0.71,PILL
0.22,0.53,0.49,0.32,0.71,PILL
0.22,0.53,0.49,0.32,0.71,PILL
0.22,0.53,0.49,0.32,0.71,PILL
0.22,0.53,0.49,0.32,0.71,PILL
0.22,0.53,0.49,0.32,0.71,PILL
0.22,0.53,0.49,0.32,0.71,PILL
0.22,0.53,0.49,0.32,0.71,PILL
0.22,0.53,0.49,0.32,0.71,PILL
0.22,0.53,0.49,0.32,0.71,PILL
0.22,0.53,0.49,0.32,0.71,PILL
0.22,0.53,0.49,0.32,0.71,PILL
0.22,0.53,0.49,0.32,0.71,PILL
0.22,0.53,0.49,0.32,0.71,PILL
0.22,0.53,0.49,0.32,0.71,PILL
0.22,0.53,0.49,0.32,0.71,PILL
0.22,0.54,0.49,0.32,0.71,PILL
0.22,0.53,0.49,0.32,0.71,PILL
0.22,0.53,0.49,0.32,0.71,PILL
0.22,0.53,0.49,0.32,0.71,PILL
0.22,0.53,0.49,0.32,0.71,PILL
0.22,0.53,0.49,0.32,0.71,PILL
0.22,0.53,0.49,0.32,0.71,PILL
0.22,0.53,0.49,0.32,0.71,PILL
0.22,0.53,0.49,0.32,0.71,PILL
0.22,0.53,0.49,0.32,0.71,PILL
0.22,0.53,0.49,0.32,0.71,PILL
0.22,0.53,0.49,0.32,0.71,PILL
0.22,0.53,0.49,0.32,0.71,PILL
0.22,0.53,0.49,0.32,0.71,PILL
0.22,0.53,0.49,0.32,0.71,PILL
0.22,0.53,0.49,0.32,0.71,PILL
0.22,0.53,0.49,0.32,0.71,PILL
0.22,0.53,0.49,0.32,0.71,PILL
0.22,0.53,0.49,0.32,0.71,PILL
0.22,0.53,0.49,0.32,0.71,PILL
0.22,0.53,0.49,0.32,0.71,PILL
0.22,0.53,0.49,0.32,0.71,PILL
0.22,0.53,0.49,0.32,0.71,PILL
0.22,0.53,0.49,0.32,0.71,PILL
0.22,0.53,0.49,0.32,0.71,PILL
0.22,0.53,0.49,0.32,0.71,PILL
0.22,0.53,0.49,0.32,0.71,PILL
0.22,0.53,0.49,0.32,0.71,PILL
0.22,0.53,0.49,0.32,0.71,PILL
0.22,0.53,0.49,0.32,0.71,PILL
0.22,0.53,0.49,0.32,0.71,PILL
0.22,0.53,0.49,0.32,0.71,PILL
0.22,0.53,0.49,0.32,0.71,PILL
0.22,0.53,0.49,0.32,0.71,PILL
0.22,0.54,0.49,0.32,0.71,PILL
0.22,0.54,0.49,0.32,0.71,PILL
0.22,0.54,0.49,0.32,0.71,PILL
0.22,0.53,0.49,0.32,0.71,PILL
0.22,0.53,0.49,0.32,0.71,PILL
0.22,0.53,0.49,0.32,0.71,PILL
0.22,0.53,0.49,0.32,0.71,PILL
0.22,0.53,0.49,0.32,0.71,PILL
0.22,0.53,0.49,0.32,0.71,PILL
0.22,0.53,0.49,0.32,0.71,PILL
0.22,0.53,0.49,0.32,0.71,PILL
0.22,0.53,0.49,0.32,0.71,PILL
0.22,0.54,0.49,0.32,0.71,PILL
0.22,0.54,0.49,0.32,0.71,PILL
0.22,0.53,0.49,0.32,0.71,PILL
0.22,0.53,0.49,0.32,0.71,PILL
0.22,0.53,0.49,0.32,0.71,PILL
0.22,0.53,0.49,0.32,0.71,PILL
0.22,0.53,0.49,0.32,0.71,PILL
0.22,0.53,0.49,0.32,0.71,PILL
0.22,0.53,0.49,0.32,0.71,PILL
0.22,0.53,0.49,0.32,0.71,PILL
0.22,0.53,0.49,0.32,0.71,PILL
0.22,0.53,0.49,0.32,0.71,PILL
0.22,0.53,0.49,0.32,0.71,PILL
0.22,0.53,0.49,0.32,0.71,PILL
0.22,0.53,0.49,0.32,0.71,PILL
0.22,0.54,0.49,0.32,0.71,PILL
0.22,0.53,0.49,0.32,0.71,PILL
0.22,0.53,0.49,0.32,0.71,PILL
0.22,0.53,0.49,0.32,0.71,PILL
0.22,0.53,0.49,0.32,0.71,PILL
0.22,0.53,0.49,0.32,0.71,PILL
0.22,0.53,0.49,0.32,0.71,PILL
0.22,0.53,0.49,0.32,0.71,PILL
0.22,0.53,0.49,0.32,0.71,PILL
0.22,0.53,0.49,0.32,0.71,PILL
0.22,0.53,0.49,0.32,0.71,PILL
0.22,0.53,0.5,0.32,0.71,PILL
0.22,0.53,0.5,0.32,0.71,PILL
0.22,0.53,0.49,0.32,0.71,PILL
0.22,0.53,0.49,0.32,0.71,PILL
0.22,0.53,0.49,0.32,0.71,PILL
0.22,0.53,0.49,0.32,0.71,PILL
0.22,0.53,0.5,0.32,0.71,PILL
0.22,0.54,0.49,0.32,0.71,PILL
0.22,0.53,0.49,0.32,0.71,PILL
0.22,0.53,0.49,0.32,0.71,PILL
0.22,0.53,0.49,0.32,0.71,PILL
0.22,0.53,0.5,0.32,0.71,PILL
0.22,0.53,0.5,0.32,0.71,PILL
0.22,0.53,0.49,0.32,0.71,PILL
0.22,0.53,0.49,0.32,0.71,PILL
0.22,0.53,0.49,0.32,0.71,PILL
0.22,0.53,0.49,0.32,0.71,PILL
0.22,0.53,0.49,0.32,0.71,PILL
0.22,0.53,0.5,0.32,0.71,PILL
0.22,0.53,0.5,0.32,0.71,PILL
0.22,0.53,0.5,0.32,0.71,PILL
0.22,0.53,0.49,0.32,0.71,PILL
0.22,0.53,0.5,0.32,0.71,PILL
0.22,0.53,0.49,0.32,0.71,PILL
0.22,0.53,0.49,0.32,0.72,PILL
0.22,0.53,0.49,0.32,0.71,PILL
0.22,0.53,0.49,0.32,0.71,PILL
0.22,0.53,0.49,0.32,0.71,PILL
0.22,0.54,0.49,0.32,0.71,PILL
0.22,0.53,0.49,0.32,0.71,PILL
0.22,0.53,0.5,0.32,0.72,PILL
0.22,0.53,0.5,0.32,0.71,PILL
0.22,0.53,0.49,0.32,0.72,PILL
0.22,0.54,0.49,0.32,0.71,PILL
0.22,0.53,0.5,0.32,0.72,PILL
0.22,0.54,0.49,0.32,0.72,PILL
0.22,0.54,0.49,0.32,0.72,PILL
0.22,0.53,0.49,0.32,0.72,PILL
0.22,0.53,0.49,0.32,0.72,PILL
0.22,0.53,0.49,0.32,0.72,PILL
0.22,0.53,0.5,0.32,0.72,PILL
0.22,0.53,0.49,0.32,0.72,PILL
0.22,0.54,0.49,0.32,0.72,PILL
0.22,0.53,0.49,0.32,0.72,PILL
0.22,0.53,0.49,0.32,0.72,PILL
0.22,0.54,0.5,0.32,0.72,PILL
0.22,0.54,0.5,0.32,0.72,PILL
0.22,0.53,0.49,0.32,0.72,PILL
0.22,0.53,0.49,0.32,0.72,PILL
0.22,0.54,0.49,0.32,0.72,PILL
0.22,0.53,0.49,0.32,0.72,PILL
0.22,0.54,0.49,0.32,0.72,PILL
0.22,0.53,0.49,0.32,0.72,PILL
0.22,0.53,0.49,0.32,0.72,PILL
0.22,0.54,0.49,0.32,0.72,PILL
0.22,0.53,0.49,0.32,0.72,PILL
0.22,0.54,0.49,0.32,0.72,PILL
0.22,0.53,0.49,0.32,0.72,PILL
0.22,0.53,0.49,0.32,0.72,PILL
0.22,0.53,0.49,0.32,0.72,PILL
0.22,0.54,0.49,0.32,0.72,PILL
0.22,0.54,0.49,0.32,0.72,PILL
0.22,0.53,0.5,0.32,0.72,PILL
0.22,0.54,0.49,0.32,0.72,PILL
0.22,0.54,0.49,0.32,0.72,PILL
0.22,0.54,0.49,0.32,0.72,PILL
0.22,0.54,0.49,0.32,0.72,PILL
0.22,0.54,0.49,0.32,0.72,PILL
0.22,0.54,0.49,0.32,0.72,PILL
0.22,0.53,0.49,0.32,0.72,PILL
0.22,0.53,0.49,0.32,0.72,PILL
0.22,0.53,0.49,0.32,0.72,PILL
0.22,0.54,0.49,0.32,0.72,PILL
0.22,0.54,0.49,0.32,0.72,PILL
0.22,0.54,0.49,0.32,0.72,PILL
0.22,0.54,0.49,0.32,0.72,PILL
0.22,0.54,0.49,0.32,0.72,PILL
0.22,0.53,0.49,0.32,0.72,PILL
0.22,0.53,0.49,0.32,0.72,PILL
0.22,0.54,0.49,0.32,0.72,PILL
0.22,0.54,0.49,0.32,0.72,PILL
0.22,0.54,0.49,0.32,0.72,PILL
0.22,0.54,0.49,0.32,0.72,PILL
0.22,0.54,0.49,0.32,0.72,PILL
0.22,0.54,0.49,0.32,0.72,PILL
0.22,0.54,0.49,0.32,0.72,PILL
0.22,0.53,0.49,0.32,0.72,PILL
0.22,0.54,0.49,0.32,0.72,PILL
0.22,0.54,0.5,0.32,0.72,PILL
0.22,0.53,0.49,0.32,0.72,PILL
0.22,0.53,0.49,0.32,0.72,PILL
0.22,0.54,0.49,0.32,0.72,PILL
0.22,0.54,0.49,0.32,0.72,PILL
0.22,0.54,0.49,0.32,0.72,PILL
0.22,0.54,0.49,0.32,0.72,PILL
0.22,0.54,0.49,0.32,0.72,PILL
0.22,0.54,0.49,0.32,0.72,PILL
0.22,0.53,0.49,0.32,0.72,PILL
0.22,0.53,0.49,0.32,0.72,PILL
0.22,0.54,0.49,0.32,0.72,PILL
0.22,0.53,0.49,0.32,0.72,PILL
0.22,0.54,0.49,0.32,0.72,PILL
0.22,0.53,0.49,0.32,0.72,PILL
0.22,0.54,0.49,0.32,0.72,PILL
0.22,0.54,0.49,0.32,0.72,PILL
0.22,0.54,0.49,0.32,0.72,PILL
0.22,0.54,0.49,0.32,0.72,PILL
0.22,0.53,0.49,0.32,0.72,PILL
0.22,0.54,0.49,0.32,0.72,PILL
0.22,0.54,0.49,0.32,0.72,PILL
0.22,0.54,0.49,0.32,0.72,PILL
0.22,0.54,0.49,0.32,0.72,PILL
0.22,0.54,0.49,0.32,0.72,PILL
0.22,0.54,0.49,0.32,0.72,PILL
0.22,0.54,0.49,0.32,0.72,PILL
0.22,0.54,0.49,0.32,0.72,PILL
0.22,0.54,0.49,0.32,0.72,PILL
0.22,0.54,0.49,0.32,0.72,PILL
0.22,0.54,0.49,0.32,0.72,PILL
0.22,0.54,0.49,0.32,0.72,PILL
0.22,0.54,0.49,0.32,0.72,PILL
0.22,0.54,0.49,0.32,0.72,PILL
0.22,0.54,0.49,0.32,0.72,PILL
0.22,0.54,0.49,0.32,0.72,PILL
0.22,0.54,0.49,0.32,0.72,PILL
0.22,0.54,0.49,0.32,0.72,PILL
0.22,0.54,0.49,0.32,0.72,PILL
0.22,0.54,0.49,0.32,0.72,PILL
0.22,0.54,0.5,0.32,0.72,PILL
0.22,0.54,0.49,0.32,0.72,PILL
0.22,0.54,0.49,0.32,0.72,PILL
0.22,0.54,0.49,0.32,0.72,PILL
0.22,0.54,0.49,0.32,0.72,PILL
0.22,0.54,0.49,0.32,0.72,PILL
0.22,0.54,0.49,0.32,0.72,PILL
0.22,0.54,0.49,0.32,0.72,PILL
0.22,0.54,0.49,0.32,0.72,PILL
0.22,0.54,0.49,0.32,0.72,PILL
0.22,0.54,0.49,0.32,0.72,PILL
0.22,0.54,0.49,0.32,0.72,PILL
0.22,0.54,0.49,0.32,0.72,PILL
0.22,0.54,0.49,0.32,0.72,PILL
0.22,0.54,0.49,0.32,0.72,PILL
0.22,0.54,0.49,0.32,0.73,PILL
0.22,0.54,0.49,0.33,0.73,PILL
0.22,0.54,0.49,0.32,0.73,PILL
0.22,0.54,0.49,0.32,0.73,PILL
0.22,0.54,0.49,0.32,0.73,PILL
0.22,0.54,0.49,0.33,0.72,PILL
0.22,0.54,0.49,0.32,0.73,PILL
0.22,0.54,0.49,0.32,0.73,PILL
0.22,0.54,0.49,0.32,0.73,PILL
0.22,0.54,0.49,0.32,0.73,PILL
0.22,0.54,0.49,0.32,0.73,PILL
0.22,0.54,0.49,0.33,0.73,PILL
0.22,0.54,0.49,0.32,0.73,PILL
0.22,0.54,0.49,0.32,0.73,PILL
0.22,0.54,0.49,0.32,0.73,PILL
0.22,0.54,0.49,0.32,0.73,PILL
0.22,0.54,0.49,0.33,0.73,PILL
0.22,0.54,0.49,0.33,0.73,PILL
0.22,0.54,0.49,0.32,0.73,PILL
0.22,0.54,0.49,0.33,0.73,PILL
0.22,0.54,0.49,0.33,0.73,PILL
0.22,0.54,0.49,0.32,0.73,PILL
0.22,0.54,0.49,0.33,0.73,PILL
0.22,0.54,0.49,0.33,0.73,PILL
0.22,0.54,0.49,0.33,0.73,PILL
0.22,0.54,0.49,0.33,0.73,PILL
0.22,0.54,0.49,0.33,0.73,PILL
0.22,0.54,0.49,0.33,0.73,PILL
0.22,0.54,0.49,0.32,0.73,PILL
0.22,0.54,0.49,0.33,0.73,PILL
0.22,0.54,0.49,0.32,0.73,PILL
0.22,0.54,0.49,0.33,0.73,PILL
0.22,0.54,0.49,0.32,0.73,PILL
0.22,0.54,0.49,0.33,0.73,PILL
0.22,0.54,0.49,0.33,0.73,PILL
0.22,0.54,0.49,0.33,0.73,PILL
0.22,0.54,0.49,0.32,0.73,PILL
0.22,0.54,0.49,0.33,0.73,PILL
0.22,0.54,0.49,0.33,0.73,PILL
0.22,0.54,0.49,0.33,0.73,PILL
0.22,0.54,0.49,0.33,0.73,PILL
0.22,0.54,0.49,0.33,0.73,PILL
0.22,0.54,0.49,0.33,0.73,PILL
0.22,0.54,0.49,0.33,0.73,PILL
0.22,0.54,0.49,0.33,0.73,PILL
0.22,0.54,0.49,0.33,0.73,PILL
0.22,0.54,0.49,0.32,0.73,PILL
0.22,0.54,0.49,0.33,0.73,PILL
0.22,0.54,0.49,0.32,0.73,PILL
0.22,0.54,0.49,0.33,0.73,PILL
0.22,0.54,0.49,0.33,0.73,PILL
0.22,0.54,0.49,0.33,0.73,PILL
0.22,0.54,0.49,0.33,0.73,PILL
0.22,0.54,0.49,0.33,0.73,PILL
0.22,0.54,0.49,0.33,0.73,PILL
0.22,0.54,0.49,0.33,0.73,PILL
0.22,0.54,0.49,0.33,0.73,PILL
0.22,0.54,0.49,0.33,0.73,PILL
0.22,0.54,0.49,0.33,0.73,PILL
0.22,0.54,0.49,0.33,0.73,PILL
0.22,0.54,0.49,0.33,0.73,PILL
0.22,0.54,0.49,0.33,0.73,PILL
0.22,0.54,0.49,0.33,0.73,PILL
0.22,0.54,0.49,0.33,0.73,PILL
0.22,0.54,0.49,0.33,0.73,PILL
0.22,0.54,0.49,0.33,0.73,PILL
0.22,0.54,0.49,0.33,0.73,PILL
0.22,0.54,0.49,0.33,0.73,PILL
0.22,0.54,0.49,0.33,0.73,PILL
0.22,0.54,0.49,0.33,0.73,PILL
0.22,0.54,0.49,0.33,0.73,PILL
0.22,0.54,0.49,0.33,0.73,PILL
0.22,0.54,0.49,0.33,0.73,PILL
0.22,0.54,0.49,0.32,0.73,PILL
0.22,0.53,0.49,0.33,0.73,PILL
0.22,0.54,0.49,0.33,0.73,PILL
0.22,0.54,0.49,0.33,0.73,PILL
0.22,0.54,0.49,0.33,0.73,PILL
0.22,0.54,0.49,0.33,0.73,PILL
0.22,0.54,0.49,0.33,0.73,PILL
0.22,0.54,0.49,0.33,0.73,PILL
0.22,0.54,0.49,0.33,0.73,PILL
0.22,0.54,0.49,0.33,0.74,PILL
0.22,0.53,0.49,0.32,0.74,PILL
0.22,0.54,0.49,0.33,0.73,PILL
0.22,0.54,0.49,0.32,0.73,PILL
0.22,0.53,0.49,0.33,0.74,PILL
0.22,0.53,0.49,0.33,0.73,PILL
0.22,0.54,0.49,0.33,0.74,PILL
0.22,0.53,0.49,0.33,0.74,PILL
0.22,0.53,0.49,0.33,0.73,PILL
0.22,0.54,0.49,0.33,0.73,PILL
0.22,0.54,0.49,0.33,0.74,PILL
0.22,0.53,0.49,0.32,0.74,PILL
0.22,0.53,0.49,0.33,0.74,PILL
0.22,0.53,0.49,0.33,0.74,PILL
0.22,0.54,0.49,0.33,0.74,PILL
0.22,0.53,0.49,0.33,0.74,PILL
0.22,0.53,0.49,0.33,0.74,PILL
0.22,0.54,0.49,0.33,0.74,PILL
0.22,0.53,0.49,0.33,0.74,PILL
0.22,0.54,0.49,0.33,0.74,PILL
0.22,0.53,0.49,0.33,0.74,PILL
0.22,0.54,0.49,0.32,0.74,PILL
0.22,0.53,0.49,0.33,0.74,PILL
0.22,0.54,0.49,0.33,0.74,PILL
0.22,0.54,0.49,0.33,0.74,PILL
0.22,0.53,0.49,0.33,0.74,PILL
0.22,0.54,0.49,0.33,0.74,PILL
0.22,0.53,0.49,0.33,0.74,PILL
0.22,0.54,0.49,0.32,0.74,PILL
0.22,0.53,0.49,0.33,0.74,PILL
0.22,0.54,0.49,0.33,0.74,PILL
0.22,0.53,0.49,0.33,0.74,PILL
0.22,0.53,0.49,0.33,0.74,PILL
0.22,0.53,0.49,0.32,0.74,PILL
0.22,0.54,0.49,0.33,0.74,PILL
0.22,0.53,0.49,0.33,0.74,PILL
0.22,0.53,0.49,0.33,0.74,PILL
0.22,0.53,0.49,0.33,0.74,PILL
0.22,0.54,0.49,0.32,0.74,PILL
0.22,0.53,0.49,0.33,0.74,PILL
0.22,0.53,0.49,0.33,0.74,PILL
0.22,0.53,0.49,0.32,0.74,PILL
0.22,0.54,0.49,0.32,0.74,PILL
0.22,0.53,0.49,0.33,0.74,PILL
0.22,0.53,0.49,0.32,0.74,PILL
0.22,0.53,0.49,0.33,0.74,PILL
0.22,0.54,0.49,0.32,0.74,PILL
0.22,0.53,0.49,0.32,0.74,PILL
0.22,0.53,0.49,0.33,0.74,PILL
0.22,0.53,0.49,0.32,0.74,PILL
0.22,0.54,0.49,0.33,0.74,PILL
0.22,0.53,0.49,0.32,0.74,PILL
0.22,0.53,0.49,0.32,0.74,PILL
0.22,0.54,0.49,0.32,0.74,PILL
0.22,0.54,0.49,0.32,0.74,PILL
0.22,0.53,0.49,0.32,0.74,PILL
0.22,0.53,0.49,0.32,0.74,PILL
0.22,0.53,0.49,0.33,0.74,PILL
0.22,0.54,0.49,0.32,0.74,PILL
0.22,0.53,0.49,0.32,0.74,PILL
0.22,0.53,0.49,0.32,0.74,PILL
0.22,0.54,0.49,0.33,0.74,PILL
0.22,0.53,0.49,0.33,0.74,PILL
0.22,0.53,0.49,0.32,0.74,PILL
0.22,0.53,0.49,0.32,0.74,PILL
0.22,0.53,0.49,0.32,0.74,PILL
0.22,0.53,0.49,0.32,0.74,PILL
0.22,0.53,0.49,0.32,0.74,PILL
0.22,0.54,0.49,0.33,0.74,PILL
0.22,0.54,0.49,0.32,0.74,PILL
0.22,0.54,0.49,0.32,0.74,PILL
0.22,0.53,0.49,0.32,0.74,PILL
0.22,0.53,0.49,0.32,0.74,PILL
0.22,0.53,0.49,0.32,0.74,PILL
0.22,0.54,0.49,0.33,0.74,PILL
0.22,0.53,0.49,0.32,0.74,PILL
0.22,0.54,0.49,0.32,0.74,PILL
0.22,0.53,0.49,0.32,0.74,PILL
0.22,0.53,0.49,0.32,0.74,PILL
0.22,0.53,0.49,0.32,0.74,PILL
0.22,0.53,0.49,0.32,0.74,PILL
0.22,0.53,0.49,0.33,0.74,PILL
0.22,0.53,0.49,0.32,0.74,PILL
0.22,0.53,0.49,0.32,0.74,PILL
0.22,0.53,0.49,0.33,0.74,PILL
0.22,0.53,0.49,0.32,0.74,PILL
0.22,0.54,0.49,0.32,0.74,PILL
0.22,0.54,0.49,0.32,0.74,PILL
0.22,0.53,0.49,0.33,0.74,PILL
0.22,0.54,0.49,0.32,0.74,PILL
0.22,0.53,0.49,0.32,0.74,PILL
0.22,0.53,0.49,0.32,0.74,PILL
0.22,0.53,0.49,0.32,0.74,PILL
0.22,0.54,0.49,0.32,0.74,PILL
0.22,0.53,0.49,0.32,0.74,PILL
0.22,0.53,0.49,0.32,0.74,PILL
0.22,0.53,0.49,0.32,0.74,PILL
0.22,0.53,0.49,0.32,0.74,PILL
0.22,0.53,0.49,0.32,0.74,PILL
0.22,0.53,0.49,0.33,0.74,PILL
0.22,0.53,0.49,0.33,0.74,PILL
0.22,0.53,0.49,0.33,0.74,PILL
0.22,0.53,0.49,0.32,0.74,PILL
0.22,0.53,0.49,0.32,0.74,PILL
0.22,0.53,0.49,0.33,0.74,PILL
0.22,0.53,0.49,0.32,0.74,PILL
0.22,0.53,0.49,0.32,0.74,PILL
0.22,0.53,0.49,0.33,0.75,PILL
0.22,0.53,0.49,0.33,0.74,PILL
0.22,0.53,0.49,0.32,0.75,PILL
0.22,0.53,0.49,0.32,0.74,PILL
0.22,0.53,0.49,0.33,0.75,PILL
0.22,0.54,0.49,0.33,0.74,PILL
0.22,0.53,0.49,0.33,0.74,PILL
0.22,0.53,0.49,0.33,0.74,PILL
0.22,0.53,0.49,0.32,0.74,PILL
0.22,0.54,0.49,0.33,0.75,PILL
0.22,0.54,0.49,0.33,0.75,PILL
0.22,0.54,0.49,0.33,0.75,PILL
0.22,0.53,0.49,0.32,0.75,PILL
0.22,0.53,0.49,0.33,0.75,PILL
0.22,0.54,0.49,0.33,0.75,PILL
0.22,0.53,0.49,0.33,0.75,PILL
0.22,0.54,0.49,0.33,0.75,PILL
0.22,0.53,0.49,0.33,0.75,PILL
0.22,0.53,0.49,0.33,0.75,PILL
0.22,0.53,0.49,0.33,0.75,PILL
0.22,0.53,0.49,0.33,0.75,PILL
0.22,0.53,0.49,0.33,0.75,PILL
0.22,0.54,0.49,0.33,0.75,PILL
0.22,0.54,0.49,0.33,0.75,PILL
0.22,0.54,0.49,0.33,0.75,PILL
0.22,0.54,0.49,0.33,0.75,PILL
0.22,0.54,0.49,0.33,0.75,PILL
0.22,0.54,0.49,0.33,0.75,PILL
0.22,0.53,0.49,0.33,0.75,PILL
0.22,0.53,0.49,0.33,0.75,PILL
0.22,0.53,0.49,0.33,0.75,PILL
0.22,0.54,0.49,0.33,0.75,PILL
0.22,0.53,0.49,0.33,0.75,PILL
0.22,0.54,0.49,0.33,0.75,PILL
0.22,0.53,0.49,0.33,0.75,PILL
0.22,0.54,0.49,0.33,0.75,PILL
0.22,0.54,0.49,0.33,0.75,PILL
0.22,0.53,0.49,0.33,0.75,PILL
0.22,0.53,0.49,0.33,0.75,PILL
0.22,0.54,0.49,0.33,0.75,PILL
0.22,0.53,0.49,0.33,0.75,PILL
0.22,0.53,0.49,0.33,0.75,PILL
0.22,0.54,0.49,0.33,0.75,PILL
0.22,0.53,0.49,0.33,0.75,PILL
0.22,0.53,0.49,0.33,0.75,PILL
0.22,0.54,0.49,0.33,0.75,PILL
0.22,0.54,0.49,0.33,0.75,PILL
0.22,0.54,0.49,0.33,0.75,PILL
0.22,0.53,0.49,0.33,0.75,PILL
0.22,0.54,0.49,0.33,0.75,PILL
0.22,0.54,0.49,0.33,0.75,PILL
0.22,0.53,0.49,0.33,0.75,PILL
0.22,0.54,0.49,0.33,0.75,PILL
0.22,0.54,0.49,0.33,0.75,PILL
0.22,0.54,0.49,0.33,0.75,PILL
0.22,0.54,0.49,0.33,0.75,PILL
0.22,0.54,0.49,0.33,0.75,PILL
0.22,0.54,0.49,0.33,0.75,PILL
0.22,0.54,0.49,0.33,0.75,PILL
0.22,0.54,0.49,0.33,0.75,PILL
0.22,0.54,0.49,0.33,0.75,PILL
0.22,0.54,0.49,0.33,0.75,PILL
0.22,0.53,0.49,0.33,0.75,PILL
0.22,0.53,0.49,0.33,0.75,PILL
0.22,0.54,0.49,0.33,0.75,PILL
0.22,0.54,0.49,0.33,0.75,PILL
0.22,0.53,0.49,0.33,0.75,PILL
0.22,0.54,0.49,0.33,0.75,PILL
0.22,0.54,0.49,0.33,0.75,PILL
0.22,0.54,0.49,0.33,0.75,PILL
0.22,0.54,0.49,0.33,0.75,PILL
0.22,0.54,0.49,0.33,0.75,PILL
0.22,0.54,0.49,0.33,0.75,PILL
0.22,0.54,0.49,0.33,0.75,PILL
0.22,0.54,0.49,0.33,0.75,PILL
0.22,0.54,0.49,0.33,0.75,PILL
0.22,0.54,0.49,0.33,0.75,PILL
0.22,0.54,0.49,0.33,0.75,PILL
0.22,0.54,0.49,0.33,0.75,PILL
0.22,0.54,0.49,0.33,0.75,PILL
0.22,0.54,0.49,0.33,0.75,PILL
0.22,0.54,0.49,0.33,0.75,PILL
0.22,0.54,0.49,0.33,0.75,PILL
0.22,0.54,0.49,0.33,0.75,PILL
0.22,0.54,0.49,0.33,0.75,PILL
0.22,0.54,0.49,0.33,0.75,PILL
0.22,0.54,0.49,0.33,0.75,PILL
0.22,0.54,0.49,0.33,0.75,PILL
0.22,0.54,0.49,0.33,0.75,PILL
0.22,0.54,0.49,0.33,0.75,PILL
0.22,0.54,0.49,0.33,0.75,PILL
0.22,0.54,0.49,0.33,0.75,PILL
0.22,0.54,0.49,0.33,0.75,PILL
0.22,0.54,0.49,0.33,0.75,PILL
0.22,0.54,0.49,0.33,0.75,PILL
0.22,0.54,0.49,0.33,0.75,PILL
0.22,0.54,0.49,0.33,0.75,PILL
0.22,0.54,0.49,0.33,0.75,PILL
0.22,0.54,0.49,0.33,0.75,PILL
0.22,0.54,0.49,0.33,0.75,PILL
0.22,0.54,0.49,0.33,0.75,PILL
0.22,0.54,0.49,0.33,0.75,PILL
0.22,0.54,0.49,0.33,0.75,PILL
0.22,0.54,0.49,0.33,0.75,PILL
0.22,0.54,0.49,0.33,0.75,PILL
0.22,0.54,0.49,0.33,0.75,PILL
0.22,0.54,0.49,0.33,0.75,PILL
0.22,0.54,0.49,0.33,0.76,PILL
0.22,0.54,0.49,0.33,0.76,PILL
0.22,0.54,0.49,0.33,0.76,PILL
0.22,0.54,0.49,0.33,0.75,PILL
0.22,0.54,0.49,0.33,0.76,PILL
0.22,0.54,0.49,0.33,0.76,PILL
0.22,0.54,0.49,0.33,0.76,PILL
0.22,0.54,0.49,0.33,0.75,PILL
0.22,0.54,0.49,0.33,0.76,PILL
0.22,0.54,0.49,0.33,0.75,PILL
0.22,0.54,0.49,0.33,0.76,PILL
0.22,0.54,0.49,0.33,0.76,PILL
0.22,0.54,0.49,0.33,0.76,PILL
0.22,0.54,0.49,0.33,0.76,PILL
0.22,0.54,0.49,0.33,0.76,PILL
0.22,0.54,0.49,0.33,0.76,PILL
0.22,0.54,0.49,0.33,0.76,PILL
0.22,0.54,0.49,0.33,0.76,PILL
0.22,0.54,0.49,0.33,0.76,PILL
0.22,0.54,0.49,0.33,0.76,PILL
0.22,0.54,0.49,0.33,0.76,PILL
0.22,0.54,0.49,0.33,0.76,PILL
0.22,0.54,0.49,0.33,0.76,PILL
0.22,0.54,0.49,0.33,0.76,PILL
0.22,0.54,0.49,0.33,0.76,PILL
0.22,0.54,0.49,0.33,0.76,PILL
0.22,0.54,0.49,0.33,0.76,PILL
0.22,0.54,0.49,0.33,0.76,PILL
0.22,0.54,0.49,0.33,0.76,PILL
0.22,0.54,0.49,0.33,0.76,PILL
0.22,0.54,0.49,0.33,0.76,PILL
0.22,0.54,0.49,0.33,0.76,PILL
0.22,0.54,0.49,0.33,0.76,PILL
0.22,0.54,0.49,0.33,0.76,PILL
0.22,0.54,0.49,0.33,0.76,PILL
0.22,0.54,0.49,0.33,0.76,PILL
0.22,0.54,0.49,0.33,0.76,PILL
0.22,0.54,0.49,0.33,0.76,PILL
0.22,0.54,0.49,0.33,0.76,PILL
0.22,0.54,0.49,0.33,0.76,PILL
0.22,0.54,0.49,0.33,0.76,PILL
0.22,0.54,0.49,0.33,0.76,PILL
0.22,0.54,0.49,0.33,0.76,PILL
0.22,0.54,0.49,0.33,0.76,PILL
0.22,0.54,0.49,0.33,0.76,PILL
0.22,0.54,0.49,0.33,0.76,PILL
0.22,0.54,0.49,0.33,0.76,PILL
0.22,0.54,0.49,0.33,0.76,PILL
0.22,0.54,0.49,0.33,0.76,PILL
0.22,0.54,0.49,0.33,0.76,PILL
0.22,0.54,0.49,0.33,0.76,PILL
0.22,0.54,0.49,0.33,0.76,PILL
0.22,0.54,0.49,0.33,0.76,PILL
0.22,0.54,0.49,0.33,0.76,PILL
0.22,0.54,0.49,0.33,0.76,PILL
0.22,0.54,0.49,0.33,0.76,PILL
0.22,0.54,0.49,0.33,0.76,PILL
0.22,0.54,0.49,0.33,0.76,PILL
0.22,0.54,0.49,0.33,0.76,PILL
0.22,0.54,0.49,0.33,0.76,PILL
0.22,0.54,0.49,0.33,0.76,PILL
0.22,0.54,0.49,0.33,0.76,PILL
0.22,0.54,0.49,0.33,0.76,PILL
0.22,0.54,0.49,0.33,0.76,PILL
0.22,0.54,0.49,0.33,0.76,PILL
0.22,0.54,0.49,0.33,0.76,PILL
0.22,0.54,0.49,0.33,0.76,PILL
0.22,0.54,0.49,0.33,0.76,PILL
0.22,0.54,0.49,0.33,0.76,PILL
0.22,0.54,0.49,0.33,0.76,PILL
0.22,0.54,0.49,0.33,0.76,PILL
0.22,0.54,0.49,0.33,0.76,PILL
0.22,0.54,0.49,0.33,0.76,PILL
0.22,0.54,0.49,0.33,0.76,PILL
0.22,0.54,0.49,0.33,0.76,PILL
0.22,0.54,0.49,0.33,0.76,PILL
0.22,0.54,0.49,0.33,0.76,PILL
0.22,0.54,0.49,0.33,0.76,PILL
0.22,0.54,0.49,0.33,0.76,PILL
0.22,0.54,0.49,0.33,0.76,PILL
0.22,0.54,0.49,0.33,0.76,PILL
0.22,0.54,0.49,0.33,0.76,PILL
0.22,0.54,0.49,0.33,0.76,PILL
0.22,0.54,0.49,0.33,0.76,PILL
0.22,0.54,0.49,0.33,0.76,PILL
0.22,0.54,0.49,0.33,0.76,PILL
0.22,0.54,0.49,0.33,0.76,PILL
0.22,0.54,0.49,0.33,0.76,PILL
0.22,0.54,0.49,0.33,0.76,PILL
0.22,0.54,0.49,0.33,0.76,PILL
0.22,0.54,0.49,0.33,0.76,PILL
0.22,0.54,0.49,0.33,0.76,PILL
0.22,0.54,0.49,0.33,0.76,PILL
0.22,0.54,0.49,0.33,0.76,PILL
0.22,0.54,0.49,0.33,0.76,PILL
0.22,0.54,0.49,0.33,0.76,PILL
0.22,0.54,0.49,0.33,0.77,PILL
0.22,0.54,0.49,0.33,0.76,PILL
0.22,0.54,0.49,0.33,0.77,PILL
0.22,0.54,0.49,0.33,0.77,PILL
0.22,0.54,0.49,0.33,0.77,PILL
0.22,0.54,0.49,0.33,0.77,PILL
0.22,0.54,0.49,0.33,0.77,PILL
0.22,0.54,0.49,0.33,0.77,PILL
0.22,0.54,0.49,0.33,0.77,PILL
0.22,0.54,0.49,0.33,0.77,PILL
0.22,0.54,0.49,0.33,0.77,PILL
0.22,0.54,0.49,0.33,0.77,PILL
0.22,0.54,0.49,0.33,0.77,PILL
0.22,0.54,0.49,0.33,0.77,PILL
0.22,0.54,0.49,0.33,0.77,PILL
0.22,0.54,0.49,0.33,0.77,PILL
0.22,0.54,0.49,0.33,0.77,PILL
0.22,0.54,0.49,0.33,0.77,PILL
0.22,0.54,0.49,0.33,0.77,PILL
0.22,0.54,0.49,0.33,0.77,PILL
0.22,0.54,0.49,0.33,0.77,PILL
0.22,0.54,0.49,0.33,0.77,PILL
0.22,0.54,0.49,0.33,0.77,PILL
0.22,0.54,0.49,0.33,0.77,PILL
0.22,0.54,0.49,0.33,0.77,PILL
0.22,0.54,0.49,0.33,0.77,PILL
0.22,0.54,0.49,0.33,0.77,PILL
0.22,0.54,0.49,0.33,0.77,PILL
0.22,0.54,0.49,0.33,0.77,PILL
0.22,0.54,0.49,0.33,0.77,PILL
0.22,0.54,0.49,0.33,0.77,PILL
0.22,0.54,0.49,0.33,0.77,PILL
0.22,0.54,0.49,0.33,0.77,PILL
0.22,0.54,0.49,0.34,0.77,PILL
0.22,0.54,0.49,0.33,0.77,PILL
0.22,0.54,0.49,0.33,0.77,PILL
0.22,0.54,0.49,0.34,0.77,PILL
0.22,0.54,0.49,0.33,0.77,PILL
0.22,0.54,0.49,0.34,0.77,PILL
0.22,0.54,0.49,0.33,0.77,PILL
0.22,0.54,0.49,0.33,0.77,PILL
0.22,0.54,0.49,0.33,0.77,PILL
0.22,0.54,0.49,0.33,0.77,PILL
0.22,0.54,0.49,0.33,0.77,PILL
0.22,0.54,0.49,0.33,0.77,PILL
0.22,0.54,0.49,0.33,0.77,PILL
0.22,0.54,0.49,0.33,0.77,PILL
0.22,0.54,0.49,0.34,0.77,PILL
0.22,0.54,0.49,0.34,0.77,PILL
0.22,0.54,0.49,0.33,0.77,PILL
0.22,0.54,0.49,0.34,0.77,PILL
0.22,0.54,0.49,0.34,0.77,PILL
0.22,0.54,0.49,0.34,0.77,PILL
0.22,0.54,0.49,0.33,0.77,PILL
0.22,0.54,0.49,0.34,0.77,PILL
0.22,0.54,0.49,0.34,0.77,PILL
0.22,0.54,0.49,0.34,0.77,PILL
0.22,0.54,0.49,0.33,0.77,PILL
0.22,0.54,0.49,0.33,0.77,PILL
0.22,0.54,0.49,0.33,0.77,PILL
0.22,0.54,0.49,0.34,0.77,PILL
0.22,0.54,0.49,0.34,0.77,PILL
0.22,0.54,0.49,0.33,0.77,PILL
0.22,0.54,0.49,0.33,0.77,PILL
0.22,0.54,0.49,0.34,0.77,PILL
0.22,0.54,0.49,0.34,0.77,PILL
0.22,0.54,0.49,0.34,0.77,PILL
0.22,0.54,0.49,0.33,0.77,PILL
0.22,0.54,0.49,0.33,0.78,PILL
0.22,0.54,0.49,0.34,0.77,PILL
0.22,0.54,0.49,0.34,0.78,PILL
0.22,0.54,0.49,0.34,0.77,PILL
0.22,0.54,0.49,0.34,0.78,PILL
0.22,0.54,0.49,0.33,0.78,PILL
0.22,0.54,0.49,0.34,0.78,PILL
0.22,0.54,0.49,0.34,0.78,PILL
0.22,0.54,0.49,0.34,0.78,PILL
0.22,0.54,0.49,0.33,0.78,PILL
0.22,0.54,0.49,0.34,0.78,PILL
0.22,0.54,0.49,0.34,0.78,PILL
0.22,0.54,0.49,0.34,0.78,PILL
0.22,0.54,0.49,0.34,0.78,PILL
0.22,0.54,0.49,0.34,0.78,PILL
0.22,0.54,0.49,0.34,0.78,PILL
0.22,0.54,0.49,0.34,0.78,PILL
0.22,0.54,0.49,0.34,0.78,PILL
0.22,0.54,0.49,0.34,0.78,PILL
0.22,0.54,0.49,0.34,0.78,PILL
0.22,0.54,0.49,0.33,0.78,PILL
0.22,0.54,0.49,0.33,0.78,PILL
0.22,0.54,0.49,0.34,0.78,PILL
0.22,0.54,0.49,0.34,0.78,PILL
0.22,0.54,0.49,0.34,0.78,PILL
0.22,0.54,0.49,0.34,0.78,PILL
0.22,0.54,0.49,0.34,0.78,PILL
0.22,0.54,0.49,0.34,0.78,PILL
0.22,0.54,0.49,0.34,0.78,PILL
0.22,0.54,0.49,0.34,0.78,PILL
0.22,0.54,0.49,0.34,0.78,PILL
0.22,0.54,0.49,0.34,0.78,PILL
0.22,0.54,0.49,0.34,0.78,PILL
0.22,0.54,0.49,0.34,0.78,PILL
0.22,0.54,0.49,0.34,0.78,PILL
0.22,0.54,0.49,0.34,0.78,PILL
0.22,0.54,0.49,0.34,0.78,PILL
0.22,0.54,0.49,0.34,0.78,PILL
0.22,0.54,0.49,0.34,0.78,PILL
0.22,0.54,0.49,0.34,0.78,PILL
0.22,0.54,0.49,0.34,0.78,PILL
0.22,0.54,0.49,0.34,0.78,PILL
0.22,0.54,0.49,0.34,0.78,PILL
0.22,0.54,0.49,0.34,0.78,PILL
0.22,0.54,0.49,0.34,0.78,PILL
0.22,0.54,0.49,0.34,0.78,PILL
0.22,0.54,0.49,0.34,0.78,PILL
0.22,0.54,0.49,0.34,0.78,PILL
0.22,0.54,0.49,0.34,0.78,PILL
0.22,0.54,0.49,0.34,0.78,PILL
0.22,0.54,0.49,0.34,0.78,PILL
0.22,0.54,0.49,0.34,0.78,PILL
0.22,0.54,0.49,0.34,0.78,PILL
0.22,0.54,0.49,0.34,0.78,PILL
0.22,0.54,0.49,0.34,0.78,PILL
0.22,0.54,0.49,0.34,0.78,PILL
0.22,0.54,0.49,0.34,0.78,PILL
0.22,0.54,0.49,0.34,0.78,PILL
0.22,0.54,0.49,0.34,0.78,PILL
0.22,0.54,0.49,0.34,0.78,PILL
0.22,0.54,0.49,0.34,0.78,PILL
0.22,0.54,0.49,0.34,0.78,PILL
0.22,0.54,0.49,0.34,0.78,PILL
0.22,0.54,0.49,0.34,0.78,PILL
0.22,0.54,0.49,0.34,0.79,PILL
0.22,0.54,0.49,0.34,0.79,PILL
0.22,0.54,0.49,0.34,0.79,PILL
0.22,0.54,0.49,0.34,0.79,PILL
0.22,0.54,0.49,0.34,0.79,PILL
0.22,0.54,0.49,0.34,0.79,PILL
0.22,0.54,0.49,0.34,0.79,PILL
0.22,0.54,0.49,0.34,0.79,PILL
0.22,0.54,0.49,0.34,0.79,PILL
0.22,0.54,0.49,0.34,0.79,PILL
0.22,0.54,0.49,0.34,0.78,PILL
0.22,0.54,0.49,0.34,0.79,PILL
0.22,0.54,0.49,0.34,0.79,PILL
0.22,0.54,0.49,0.34,0.79,PILL
0.22,0.54,0.49,0.34,0.79,PILL
0.22,0.54,0.49,0.34,0.79,PILL
0.22,0.54,0.49,0.34,0.79,PILL
0.22,0.54,0.49,0.34,0.79,PILL
0.22,0.54,0.49,0.34,0.79,PILL
0.22,0.54,0.49,0.34,0.79,PILL
0.22,0.54,0.49,0.34,0.79,PILL
0.22,0.54,0.49,0.34,0.79,PILL
0.22,0.54,0.49,0.34,0.79,PILL
0.22,0.54,0.49,0.34,0.79,PILL
0.22,0.54,0.49,0.34,0.79,PILL
0.22,0.54,0.49,0.34,0.79,PILL
0.22,0.54,0.49,0.34,0.79,PILL
0.22,0.54,0.49,0.34,0.79,PILL
0.22,0.54,0.49,0.34,0.79,PILL
0.22,0.54,0.49,0.34,0.79,PILL
0.22,0.54,0.49,0.34,0.79,PILL
0.22,0.54,0.49,0.34,0.79,PILL
0.22,0.54,0.49,0.34,0.79,PILL
0.22,0.54,0.49,0.34,0.79,PILL
0.22,0.54,0.49,0.34,0.79,PILL
0.22,0.54,0.49,0.34,0.79,PILL
0.22,0.54,0.49,0.34,0.79,PILL
0.22,0.54,0.49,0.34,0.79,PILL
0.22,0.54,0.49,0.34,0.79,PILL
0.22,0.54,0.49,0.34,0.79,PILL
0.22,0.54,0.49,0.34,0.79,PILL
0.22,0.54,0.49,0.34,0.79,PILL
0.22,0.54,0.49,0.34,0.79,PILL
0.22,0.54,0.49,0.34,0.79,PILL
0.22,0.54,0.49,0.34,0.79,PILL
0.22,0.54,0.49,0.34,0.79,PILL
0.22,0.54,0.49,0.34,0.79,PILL
0.22,0.54,0.49,0.34,0.79,PILL
0.22,0.54,0.49,0.34,0.79,PILL
0.22,0.54,0.49,0.34,0.79,PILL
0.22,0.54,0.49,0.34,0.79,PILL
0.22,0.54,0.49,0.34,0.79,PILL
0.22,0.54,0.49,0.34,0.79,PILL
0.22,0.54,0.49,0.34,0.79,PILL
0.22,0.54,0.49,0.34,0.79,PILL
0.22,0.54,0.49,0.34,0.79,PILL
0.22,0.54,0.49,0.34,0.79,PILL
0.22,0.54,0.49,0.34,0.79,PILL
0.22,0.54,0.49,0.34,0.79,PILL
0.22,0.54,0.49,0.34,0.79,PILL
0.22,0.54,0.49,0.34,0.79,PILL
0.22,0.54,0.49,0.34,0.79,PILL
0.22,0.54,0.49,0.34,0.79,PILL
0.22,0.54,0.49,0.34,0.79,PILL
0.22,0.54,0.49,0.34,0.79,PILL
0.22,0.54,0.49,0.34,0.79,PILL
0.22,0.54,0.49,0.34,0.79,PILL
0.22,0.54,0.49,0.34,0.79,PILL
0.22,0.54,0.49,0.34,0.79,PILL
0.22,0.54,0.49,0.34,0.79,PILL
0.22,0.54,0.49,0.34,0.79,PILL
0.22,0.54,0.49,0.34,0.79,PILL
0.22,0.54,0.49,0.34,0.79,PILL
0.22,0.54,0.49,0.34,0.79,PILL
0.22,0.54,0.49,0.34,0.79,PILL
0.22,0.54,0.49,0.34,0.79,PILL
0.22,0.54,0.49,0.34,0.79,PILL
0.22,0.54,0.49,0.34,0.79,PILL
0.22,0.54,0.49,0.34,0.79,PILL
0.22,0.54,0.49,0.34,0.79,PILL
0.22,0.54,0.49,0.34,0.79,PILL
0.22,0.54,0.49,0.34,0.79,PILL
0.22,0.54,0.49,0.34,0.79,PILL
0.22,0.54,0.49,0.34,0.79,PILL
0.22,0.54,0.49,0.34,0.79,PILL
0.22,0.54,0.49,0.34,0.79,PILL
0.22,0.54,0.49,0.34,0.79,PILL
0.22,0.54,0.49,0.34,0.79,PILL
0.22,0.54,0.49,0.34,0.79,PILL
0.22,0.54,0.49,0.34,0.79,PILL
0.22,0.54,0.49,0.34,0.79,PILL
0.22,0.54,0.49,0.34,0.79,PILL
0.22,0.54,0.49,0.34,0.79,PILL
0.22,0.54,0.49,0.34,0.79,PILL
0.22,0.54,0.49,0.34,0.79,PILL
0.22,0.54,0.49,0.34,0.79,PILL
0.22,0.54,0.49,0.34,0.79,PILL
0.22,0.54,0.49,0.34,0.79,PILL
0.22,0.54,0.49,0.34,0.79,PILL
0.22,0.54,0.49,0.34,0.79,PILL
0.22,0.54,0.49,0.34,0.79,PILL
0.22,0.54,0.49,0.34,0.79,PILL
0.22,0.54,0.49,0.34,0.79,PILL
0.22,0.54,0.49,0.34,0.79,PILL
0.22,0.54,0.49,0.34,0.8,PILL
0.22,0.54,0.49,0.34,0.79,PILL
0.22,0.54,0.49,0.34,0.8,PILL
0.22,0.54,0.49,0.34,0.79,PILL
0.22,0.54,0.49,0.34,0.8,PILL
0.22,0.54,0.49,0.34,0.8,PILL
0.22,0.54,0.49,0.34,0.8,PILL
0.22,0.54,0.49,0.34,0.8,PILL
0.22,0.54,0.49,0.34,0.8,PILL
0.22,0.54,0.49,0.34,0.8,PILL
0.22,0.54,0.49,0.34,0.8,PILL
0.22,0.54,0.49,0.34,0.8,PILL
0.22,0.54,0.49,0.34,0.8,PILL
0.22,0.54,0.49,0.34,0.8,PILL
0.22,0.54,0.49,0.34,0.8,PILL
0.22,0.54,0.49,0.34,0.8,PILL
0.22,0.54,0.49,0.34,0.8,PILL
0.22,0.54,0.49,0.34,0.8,PILL
0.22,0.54,0.49,0.34,0.8,PILL
0.22,0.54,0.49,0.34,0.8,PILL
0.22,0.54,0.49,0.34,0.8,PILL
0.22,0.54,0.49,0.34,0.8,PILL
0.22,0.54,0.49,0.34,0.8,PILL
0.22,0.54,0.49,0.34,0.8,PILL
0.22,0.54,0.49,0.34,0.8,PILL
0.22,0.54,0.49,0.34,0.8,PILL
0.22,0.54,0.49,0.34,0.8,PILL
0.22,0.54,0.49,0.34,0.8,PILL
0.22,0.54,0.49,0.34,0.8,PILL
0.22,0.54,0.49,0.34,0.8,PILL
0.22,0.54,0.49,0.34,0.8,PILL
0.22,0.54,0.49,0.34,0.8,PILL
0.22,0.54,0.49,0.34,0.8,PILL
0.22,0.54,0.49,0.34,0.8,PILL
0.22,0.54,0.49,0.34,0.8,PILL
0.22,0.54,0.49,0.34,0.8,PILL
0.22,0.54,0.49,0.34,0.8,PILL
0.22,0.54,0.49,0.34,0.8,PILL
0.22,0.54,0.49,0.34,0.8,PILL
0.22,0.54,0.49,0.34,0.8,PILL
0.22,0.54,0.49,0.34,0.8,PILL
0.22,0.54,0.49,0.34,0.8,PILL
0.22,0.54,0.49,0.34,0.8,PILL
0.22,0.54,0.49,0.34,0.8,PILL
0.22,0.54,0.49,0.34,0.8,PILL
0.22,0.54,0.49,0.34,0.8,PILL
0.22,0.54,0.49,0.34,0.8,PILL
0.22,0.54,0.49,0.34,0.8,PILL
0.22,0.54,0.49,0.34,0.8,PILL
0.22,0.54,0.49,0.34,0.8,PILL
0.22,0.54,0.49,0.34,0.8,PILL
0.22,0.54,0.49,0.34,0.8,PILL
0.22,0.54,0.49,0.34,0.8,PILL
0.22,0.54,0.49,0.34,0.8,PILL
0.22,0.54,0.49,0.34,0.8,PILL
0.22,0.54,0.49,0.34,0.8,PILL
0.22,0.54,0.49,0.34,0.8,PILL
0.22,0.54,0.49,0.34,0.8,PILL
0.22,0.54,0.49,0.34,0.8,PILL
0.22,0.54,0.49,0.34,0.8,PILL
0.22,0.54,0.49,0.34,0.8,PILL
0.22,0.54,0.49,0.34,0.8,PILL
0.22,0.54,0.49,0.34,0.8,PILL
0.22,0.54,0.49,0.34,0.8,PILL
0.22,0.54,0.49,0.34,0.8,PILL
0.22,0.54,0.49,0.34,0.8,PILL
0.22,0.54,0.49,0.34,0.8,PILL
0.22,0.54,0.49,0.34,0.8,PILL
0.22,0.54,0.49,0.34,0.8,PILL
0.22,0.54,0.49,0.34,0.8,PILL
0.22,0.54,0.49,0.34,0.8,PILL
0.22,0.54,0.49,0.34,0.8,PILL
0.22,0.54,0.49,0.34,0.8,PILL
0.22,0.54,0.49,0.34,0.8,PILL
0.22,0.54,0.49,0.34,0.8,PILL
0.22,0.54,0.49,0.34,0.8,PILL
0.22,0.54,0.49,0.34,0.8,PILL
0.22,0.54,0.49,0.34,0.8,PILL
0.22,0.54,0.49,0.34,0.8,PILL
0.22,0.54,0.49,0.34,0.8,PILL
0.22,0.54,0.49,0.34,0.8,PILL
0.22,0.54,0.49,0.34,0.8,PILL
0.22,0.54,0.49,0.34,0.8,PILL
0.22,0.54,0.49,0.34,0.8,PILL
0.22,0.54,0.49,0.34,0.8,PILL
0.22,0.54,0.49,0.34,0.8,PILL
0.22,0.54,0.49,0.34,0.8,PILL
0.22,0.54,0.49,0.34,0.8,PILL
0.22,0.54,0.49,0.34,0.8,PILL
0.22,0.54,0.49,0.34,0.8,PILL
0.22,0.54,0.49,0.34,0.8,PILL
0.22,0.54,0.49,0.34,0.8,PILL
0.22,0.54,0.49,0.34,0.8,PILL
0.22,0.54,0.49,0.34,0.8,PILL
0.22,0.54,0.49,0.34,0.8,PILL
0.22,0.54,0.49,0.34,0.8,PILL
0.22,0.54,0.49,0.34,0.8,PILL
0.22,0.54,0.49,0.34,0.8,PILL
0.22,0.54,0.49,0.34,0.8,PILL
0.22,0.54,0.49,0.34,0.8,PILL
0.22,0.54,0.49,0.34,0.8,PILL
0.22,0.54,0.49,0.34,0.8,PILL
0.22,0.54,0.49,0.34,0.8,PILL
0.22,0.54,0.49,0.34,0.8,PILL
0.22,0.54,0.49,0.34,0.8,PILL
0.22,0.54,0.49,0.34,0.8,PILL
0.22,0.54,0.49,0.34,0.8,PILL
0.22,0.54,0.49,0.34,0.8,PILL
0.22,0.54,0.49,0.34,0.81,PILL
0.22,0.54,0.49,0.34,0.81,PILL
0.22,0.54,0.49,0.34,0.81,PILL
0.22,0.54,0.49,0.34,0.81,PILL
0.22,0.54,0.49,0.34,0.81,PILL
0.22,0.54,0.49,0.34,0.81,PILL
0.22,0.54,0.49,0.34,0.81,PILL
0.22,0.54,0.49,0.34,0.81,PILL
0.22,0.54,0.49,0.34,0.81,PILL
0.22,0.54,0.49,0.34,0.81,PILL
0.22,0.54,0.49,0.34,0.81,PILL
0.22,0.54,0.49,0.34,0.81,PILL
0.22,0.54,0.49,0.34,0.81,PILL
0.22,0.55,0.49,0.34,0.81,PILL
0.22,0.54,0.49,0.34,0.81,PILL
0.22,0.54,0.49,0.34,0.81,PILL
0.22,0.54,0.49,0.34,0.81,PILL
0.22,0.54,0.49,0.34,0.81,PILL
0.22,0.54,0.49,0.34,0.81,PILL
0.22,0.54,0.49,0.34,0.81,PILL
0.22,0.54,0.49,0.34,0.81,PILL
0.22,0.54,0.49,0.34,0.81,PILL
0.22,0.55,0.49,0.34,0.81,PILL
0.22,0.55,0.49,0.34,0.81,PILL
0.22,0.55,0.49,0.34,0.81,PILL
0.22,0.54,0.49,0.34,0.81,PILL
0.22,0.54,0.49,0.34,0.81,PILL
0.22,0.54,0.49,0.34,0.81,PILL
0.22,0.55,0.49,0.34,0.81,PILL
0.22,0.54,0.49,0.34,0.81,PILL
0.22,0.55,0.49,0.34,0.81,PILL
0.22,0.55,0.49,0.34,0.81,PILL
0.22,0.54,0.49,0.34,0.81,PILL
0.22,0.54,0.49,0.34,0.81,PILL
0.22,0.54,0.49,0.34,0.81,PILL
0.22,0.54,0.49,0.34,0.81,PILL
0.22,0.54,0.49,0.34,0.81,PILL
0.22,0.54,0.49,0.34,0.81,PILL
0.22,0.54,0.49,0.34,0.81,PILL
0.22,0.55,0.49,0.34,0.81,PILL
0.22,0.55,0.49,0.34,0.81,PILL
0.22,0.54,0.49,0.34,0.81,PILL
0.22,0.54,0.49,0.34,0.81,PILL
0.22,0.55,0.49,0.34,0.81,PILL
0.22,0.55,0.49,0.34,0.81,PILL
0.22,0.54,0.49,0.34,0.81,PILL
0.22,0.55,0.49,0.34,0.81,PILL
0.22,0.55,0.49,0.34,0.81,PILL
0.22,0.54,0.49,0.34,0.81,PILL
0.22,0.55,0.49,0.34,0.81,PILL
0.22,0.54,0.49,0.34,0.81,PILL
0.22,0.55,0.49,0.34,0.81,PILL
0.22,0.54,0.49,0.34,0.81,PILL
0.22,0.55,0.49,0.34,0.81,PILL
0.22,0.55,0.49,0.34,0.81,PILL
0.22,0.54,0.49,0.34,0.81,PILL
0.22,0.54,0.49,0.34,0.81,PILL
0.22,0.54,0.49,0.34,0.81,PILL
0.22,0.54,0.49,0.34,0.81,PILL
0.22,0.55,0.49,0.34,0.81,PILL
0.22,0.55,0.49,0.34,0.81,PILL
0.22,0.54,0.49,0.34,0.81,PILL
0.22,0.54,0.49,0.34,0.81,PILL
0.22,0.55,0.49,0.34,0.81,PILL
0.22,0.55,0.49,0.34,0.81,PILL
0.22,0.54,0.49,0.34,0.81,PILL
0.22,0.54,0.49,0.34,0.81,PILL
0.22,0.54,0.49,0.34,0.81,PILL
0.22,0.55,0.49,0.34,0.81,PILL
0.22,0.55,0.49,0.34,0.81,PILL
0.22,0.55,0.49,0.34,0.81,PILL
0.22,0.54,0.49,0.34,0.81,PILL
0.22,0.55,0.49,0.34,0.81,PILL
0.22,0.55,0.49,0.34,0.81,PILL
0.22,0.54,0.49,0.34,0.81,PILL
0.22,0.55,0.49,0.34,0.81,PILL
0.22,0.54,0.49,0.34,0.81,PILL
0.22,0.54,0.49,0.34,0.81,PILL
0.22,0.55,0.49,0.34,0.81,PILL
0.22,0.55,0.49,0.34,0.81,PILL
0.22,0.54,0.49,0.34,0.81,PILL
0.22,0.55,0.49,0.34,0.82,PILL
0.22,0.54,0.49,0.34,0.82,PILL
0.22,0.55,0.49,0.34,0.82,PILL
0.22,0.54,0.49,0.34,0.82,PILL
0.22,0.55,0.49,0.34,0.82,PILL
0.22,0.55,0.49,0.34,0.82,PILL
0.22,0.55,0.49,0.34,0.82,PILL
0.22,0.55,0.49,0.34,0.82,PILL
0.22,0.54,0.49,0.34,0.82,PILL
0.22,0.54,0.49,0.34,0.82,PILL
0.22,0.55,0.49,0.34,0.82,PILL
0.22,0.55,0.49,0.34,0.82,PILL
0.22,0.55,0.49,0.34,0.82,PILL
0.22,0.55,0.49,0.34,0.82,PILL
0.22,0.55,0.49,0.34,0.82,PILL
0.22,0.55,0.49,0.34,0.82,PILL
0.22,0.55,0.49,0.34,0.82,PILL
0.22,0.55,0.49,0.34,0.82,PILL
0.22,0.55,0.49,0.34,0.82,PILL
0.22,0.55,0.49,0.34,0.82,PILL
0.22,0.55,0.49,0.34,0.82,PILL
0.22,0.55,0.49,0.34,0.82,PILL
0.22,0.55,0.49,0.34,0.82,PILL
0.22,0.55,0.49,0.34,0.82,PILL
0.22,0.55,0.49,0.34,0.82,PILL
0.22,0.54,0.49,0.34,0.82,PILL
0.22,0.55,0.49,0.34,0.82,PILL
0.22,0.55,0.49,0.34,0.82,PILL
0.22,0.55,0.49,0.34,0.82,PILL
0.22,0.55,0.49,0.34,0.82,PILL
0.22,0.55,0.49,0.34,0.82,PILL
0.22,0.55,0.49,0.34,0.82,PILL
0.22,0.55,0.49,0.34,0.82,PILL
0.22,0.55,0.49,0.34,0.82,PILL
0.22,0.55,0.49,0.34,0.82,PILL
0.22,0.55,0.49,0.34,0.82,PILL
0.22,0.55,0.49,0.34,0.82,PILL
0.22,0.55,0.49,0.34,0.82,PILL
0.22,0.55,0.49,0.34,0.82,PILL
0.22,0.55,0.49,0.34,0.82,PILL
0.22,0.55,0.49,0.34,0.82,PILL
0.22,0.55,0.49,0.34,0.82,PILL
0.22,0.55,0.49,0.34,0.82,PILL
0.22,0.55,0.49,0.34,0.82,PILL
0.22,0.55,0.49,0.34,0.82,PILL
0.22,0.55,0.49,0.34,0.82,PILL
0.22,0.55,0.49,0.34,0.82,PILL
0.22,0.55,0.49,0.34,0.82,PILL
0.22,0.55,0.49,0.34,0.82,PILL
0.22,0.54,0.49,0.34,0.82,PILL
0.22,0.55,0.49,0.34,0.82,PILL
0.22,0.55,0.49,0.34,0.82,PILL
0.22,0.55,0.49,0.34,0.82,PILL
0.22,0.55,0.49,0.34,0.82,PILL
0.22,0.55,0.49,0.34,0.82,PILL
0.22,0.55,0.49,0.34,0.82,PILL
0.22,0.55,0.49,0.34,0.82,PILL
0.22,0.55,0.49,0.34,0.82,PILL
0.22,0.55,0.49,0.34,0.82,PILL
0.22,0.55,0.49,0.34,0.82,PILL
0.22,0.55,0.49,0.34,0.82,PILL
0.22,0.55,0.49,0.34,0.82,PILL
0.22,0.55,0.49,0.34,0.82,PILL
0.22,0.55,0.49,0.34,0.82,PILL
0.22,0.55,0.49,0.34,0.82,PILL
0.22,0.55,0.49,0.34,0.82,PILL
0.22,0.55,0.49,0.34,0.82,PILL
0.22,0.55,0.49,0.34,0.82,PILL
0.22,0.55,0.49,0.34,0.82,PILL
0.22,0.55,0.49,0.34,0.82,PILL
0.22,0.55,0.49,0.34,0.83,PILL
0.22,0.55,0.49,0.34,0.82,PILL
0.22,0.55,0.49,0.34,0.82,PILL
0.22,0.55,0.49,0.34,0.83,PILL
0.22,0.55,0.49,0.34,0.83,PILL
0.22,0.55,0.49,0.34,0.83,PILL
0.22,0.55,0.49,0.34,0.83,PILL
0.22,0.55,0.49,0.34,0.83,PILL
0.22,0.55,0.49,0.34,0.83,PILL
0.22,0.55,0.49,0.34,0.83,PILL
0.22,0.55,0.49,0.34,0.83,PILL
0.22,0.55,0.49,0.34,0.83,PILL
0.22,0.55,0.49,0.34,0.83,PILL
0.22,0.55,0.49,0.34,0.83,PILL
0.22,0.55,0.49,0.34,0.83,PILL
0.22,0.55,0.49,0.34,0.83,PILL
0.22,0.55,0.49,0.34,0.83,PILL
0.22,0.55,0.49,0.34,0.83,PILL
0.22,0.55,0.49,0.34,0.83,PILL
0.22,0.55,0.49,0.34,0.83,PILL
0.22,0.55,0.49,0.34,0.83,PILL
0.22,0.55,0.49,0.34,0.83,PILL
0.22,0.55,0.49,0.34,0.83,PILL
0.22,0.55,0.49,0.34,0.83,PILL
0.22,0.55,0.49,0.34,0.83,PILL
0.22,0.55,0.49,0.34,0.83,PILL
0.22,0.55,0.49,0.34,0.83,PILL
0.22,0.55,0.49,0.34,0.83,PILL
0.22,0.55,0.49,0.34,0.83,PILL
0.22,0.55,0.49,0.34,0.83,PILL
0.22,0.55,0.49,0.34,0.83,PILL
0.22,0.55,0.49,0.34,0.83,PILL
0.22,0.55,0.49,0.34,0.83,PILL
0.22,0.55,0.49,0.34,0.83,PILL
0.22,0.55,0.49,0.34,0.83,PILL
0.22,0.55,0.49,0.34,0.83,PILL
0.22,0.55,0.49,0.34,0.83,PILL
0.22,0.55,0.49,0.34,0.83,PILL
0.22,0.55,0.49,0.34,0.83,PILL
0.22,0.55,0.49,0.34,0.83,PILL
0.22,0.55,0.49,0.34,0.83,PILL
0.22,0.55,0.49,0.34,0.83,PILL
0.22,0.55,0.49,0.34,0.83,PILL
0.22,0.55,0.49,0.34,0.83,PILL
0.22,0.55,0.49,0.34,0.83,PILL
0.22,0.55,0.49,0.34,0.83,PILL
0.22,0.55,0.49,0.34,0.83,PILL
0.22,0.55,0.49,0.34,0.83,PILL
0.22,0.55,0.49,0.34,0.83,PILL
0.22,0.55,0.49,0.34,0.83,PILL
0.22,0.55,0.49,0.34,0.83,PILL
0.22,0.55,0.49,0.34,0.83,PILL
0.22,0.55,0.49,0.34,0.83,PILL
0.22,0.55,0.49,0.34,0.83,PILL
0.22,0.55,0.49,0.34,0.83,PILL
0.22,0.55,0.49,0.34,0.83,PILL
0.22,0.55,0.49,0.34,0.83,PILL
0.22,0.55,0.49,0.34,0.83,PILL
0.22,0.55,0.49,0.34,0.83,PILL
0.22,0.55,0.49,0.34,0.83,PILL
0.22,0.55,0.49,0.34,0.83,PILL
0.22,0.55,0.49,0.34,0.83,PILL
0.19,0.47,0.4,0.09,0.63,NIL
0.19,0.47,0.4,0.09,0.63,NIL
0.19,0.47,0.4,0.09,0.63,NIL
0.19,0.47,0.4,0.1,0.64,NIL
0.19,0.47,0.4,0.09,0.64,NIL
0.19,0.47,0.4,0.09,0.64,NIL
0.19,0.47,0.4,0.09,0.64,NIL
0.19,0.47,0.4,0.09,0.64,NIL
0.19,0.47,0.4,0.1,0.64,NIL
0.19,0.47,0.4,0.09,0.64,NIL
0.19,0.47,0.4,0.09,0.64,NIL
0.19,0.47,0.4,0.09,0.64,NIL
0.19,0.47,0.4,0.09,0.64,NIL
0.19,0.47,0.4,0.09,0.64,NIL
0.19,0.47,0.4,0.09,0.64,NIL
0.19,0.47,0.4,0.1,0.64,NIL
0.19,0.47,0.4,0.09,0.64,NIL
0.19,0.47,0.4,0.09,0.64,NIL
0.19,0.47,0.4,0.09,0.64,NIL
0.19,0.47,0.4,0.09,0.64,NIL
0.19,0.47,0.4,0.09,0.64,NIL
0.19,0.47,0.4,0.09,0.64,NIL
0.19,0.47,0.4,0.09,0.64,NIL
0.19,0.47,0.4,0.1,0.64,NIL
0.19,0.47,0.4,0.1,0.64,NIL
0.19,0.47,0.4,0.1,0.64,NIL
0.19,0.47,0.4,0.1,0.64,NIL
0.19,0.47,0.4,0.09,0.64,NIL
0.19,0.47,0.4,0.09,0.64,NIL
0.19,0.47,0.4,0.09,0.64,NIL
0.19,0.47,0.4,0.09,0.64,NIL
0.19,0.47,0.4,0.09,0.64,NIL
0.19,0.47,0.4,0.09,0.64,NIL
0.19,0.47,0.4,0.1,0.64,NIL
0.19,0.47,0.4,0.09,0.64,NIL
0.19,0.47,0.4,0.1,0.64,NIL
0.19,0.47,0.4,0.09,0.64,NIL
0.19,0.47,0.4,0.09,0.63,NIL
0.19,0.47,0.4,0.09,0.64,NIL
0.19,0.47,0.4,0.09,0.64,NIL
0.19,0.47,0.4,0.09,0.64,NIL
0.19,0.47,0.4,0.09,0.64,NIL
0.19,0.47,0.4,0.09,0.64,NIL
0.19,0.47,0.4,0.09,0.64,NIL
0.19,0.47,0.4,0.09,0.64,NIL
0.19,0.47,0.4,0.09,0.64,NIL
0.19,0.47,0.4,0.09,0.64,NIL
0.19,0.47,0.4,0.09,0.64,NIL
0.19,0.47,0.4,0.09,0.64,NIL
0.19,0.47,0.4,0.09,0.64,NIL
0.19,0.47,0.4,0.09,0.64,NIL
0.19,0.47,0.4,0.09,0.64,NIL
0.19,0.47,0.4,0.09,0.64,NIL
0.19,0.47,0.4,0.09,0.64,NIL
0.19,0.47,0.4,0.09,0.64,NIL
0.19,0.47,0.4,0.09,0.64,NIL
0.19,0.47,0.4,0.09,0.64,NIL
0.19,0.47,0.4,0.09,0.64,NIL
0.19,0.47,0.4,0.09,0.64,NIL
0.19,0.47,0.4,0.09,0.64,NIL
0.19,0.47,0.4,0.09,0.64,NIL
0.19,0.47,0.4,0.09,0.64,NIL
0.19,0.47,0.4,0.1,0.64,NIL
0.19,0.47,0.4,0.09,0.64,NIL
0.19,0.47,0.4,0.09,0.64,NIL
0.19,0.47,0.4,0.09,0.64,NIL
0.19,0.47,0.4,0.09,0.64,NIL
0.19,0.47,0.4,0.09,0.64,NIL
0.19,0.47,0.4,0.09,0.64,NIL
0.19,0.47,0.4,0.09,0.64,NIL
0.19,0.47,0.4,0.09,0.64,NIL
0.19,0.47,0.4,0.09,0.64,NIL
0.19,0.47,0.4,0.09,0.64,NIL
0.19,0.47,0.4,0.09,0.64,NIL
0.19,0.47,0.4,0.09,0.64,NIL
0.19,0.47,0.4,0.09,0.64,NIL
0.19,0.47,0.4,0.09,0.64,NIL
0.19,0.47,0.4,0.09,0.64,NIL
0.19,0.47,0.4,0.09,0.64,NIL
0.19,0.47,0.4,0.09,0.64,NIL
0.19,0.47,0.4,0.09,0.64,NIL
0.19,0.47,0.4,0.09,0.64,NIL
0.19,0.47,0.4,0.1,0.64,NIL
0.19,0.47,0.4,0.09,0.64,NIL
0.19,0.47,0.4,0.09,0.64,NIL
0.19,0.47,0.4,0.09,0.64,NIL
0.19,0.47,0.4,0.09,0.64,NIL
0.19,0.47,0.4,0.09,0.64,NIL
0.19,0.47,0.4,0.09,0.64,NIL
0.19,0.47,0.4,0.09,0.64,NIL
0.19,0.47,0.4,0.09,0.64,NIL
0.19,0.47,0.4,0.09,0.64,NIL
0.19,0.47,0.4,0.09,0.64,NIL
0.18,0.47,0.4,0.09,0.64,NIL
0.19,0.47,0.4,0.09,0.64,NIL
0.19,0.47,0.4,0.09,0.64,NIL
0.19,0.47,0.4,0.09,0.64,NIL
0.19,0.47,0.4,0.09,0.64,NIL
0.19,0.47,0.4,0.09,0.64,NIL
0.19,0.47,0.4,0.1,0.64,NIL
0.19,0.47,0.4,0.09,0.64,NIL
0.19,0.47,0.4,0.09,0.64,NIL
0.19,0.47,0.4,0.09,0.64,NIL
0.19,0.47,0.4,0.09,0.64,NIL
0.19,0.47,0.4,0.09,0.64,NIL
0.19,0.47,0.4,0.09,0.64,NIL
0.19,0.47,0.4,0.09,0.64,NIL
0.19,0.47,0.4,0.09,0.64,NIL
0.19,0.47,0.4,0.09,0.64,NIL
0.19,0.47,0.4,0.09,0.64,NIL
0.19,0.47,0.4,0.09,0.64,NIL
0.19,0.47,0.4,0.09,0.64,NIL
0.19,0.47,0.4,0.09,0.64,NIL
0.19,0.47,0.4,0.09,0.64,NIL
0.19,0.47,0.4,0.09,0.64,NIL
0.19,0.47,0.4,0.09,0.64,NIL
0.19,0.47,0.4,0.09,0.64,NIL
0.19,0.47,0.4,0.09,0.64,NIL
0.19,0.47,0.4,0.09,0.64,NIL
0.19,0.47,0.4,0.09,0.63,NIL
0.19,0.47,0.4,0.09,0.63,NIL
0.19,0.47,0.4,0.1,0.64,NIL
0.19,0.47,0.4,0.1,0.64,NIL
0.19,0.47,0.4,0.09,0.64,NIL
0.19,0.47,0.4,0.09,0.63,NIL
0.19,0.47,0.4,0.09,0.64,NIL
0.19,0.47,0.4,0.09,0.64,NIL
0.19,0.47,0.4,0.09,0.64,NIL
0.19,0.47,0.4,0.09,0.64,NIL
0.19,0.47,0.4,0.09,0.64,NIL
0.19,0.47,0.4,0.09,0.64,NIL
0.19,0.47,0.4,0.09,0.64,NIL
0.19,0.47,0.4,0.09,0.64,NIL
0.19,0.47,0.4,0.09,0.64,NIL
0.19,0.47,0.4,0.09,0.64,NIL
0.19,0.47,0.4,0.1,0.64,NIL
0.19,0.47,0.4,0.09,0.64,NIL
0.19,0.47,0.4,0.09,0.64,NIL
0.19,0.47,0.4,0.09,0.64,NIL
0.19,0.47,0.4,0.1,0.64,NIL
0.19,0.47,0.4,0.09,0.64,NIL
0.19,0.47,0.4,0.09,0.64,NIL
0.19,0.47,0.4,0.09,0.64,NIL
0.19,0.47,0.4,0.09,0.64,NIL
0.19,0.47,0.4,0.09,0.64,NIL
0.19,0.47,0.4,0.09,0.64,NIL
0.19,0.47,0.4,0.09,0.64,NIL
0.19,0.47,0.4,0.09,0.64,NIL
0.19,0.47,0.4,0.09,0.64,NIL
0.19,0.47,0.4,0.09,0.64,NIL
0.19,0.47,0.4,0.09,0.63,NIL
0.19,0.47,0.4,0.09,0.63,NIL
0.19,0.47,0.4,0.09,0.63,NIL
0.19,0.47,0.4,0.09,0.64,NIL
0.19,0.47,0.4,0.09,0.64,NIL
0.19,0.47,0.4,0.09,0.64,NIL
0.19,0.47,0.4,0.09,0.64,NIL
0.19,0.47,0.4,0.09,0.64,NIL
0.19,0.47,0.4,0.09,0.64,NIL
0.19,0.47,0.4,0.09,0.64,NIL
0.19,0.47,0.4,0.09,0.64,NIL
0.19,0.47,0.4,0.09,0.64,NIL
0.19,0.47,0.4,0.09,0.64,NIL
0.19,0.47,0.4,0.09,0.64,NIL
0.19,0.47,0.4,0.09,0.64,NIL
0.19,0.47,0.4,0.1,0.64,NIL
0.19,0.47,0.4,0.09,0.64,NIL
0.19,0.47,0.4,0.09,0.64,NIL
0.19,0.47,0.4,0.09,0.64,NIL
0.19,0.47,0.4,0.09,0.64,NIL
0.19,0.47,0.4,0.1,0.64,NIL
0.18,0.47,0.4,0.09,0.64,NIL
0.19,0.47,0.4,0.09,0.64,NIL
0.19,0.47,0.4,0.09,0.64,NIL
0.19,0.47,0.4,0.09,0.64,NIL
0.19,0.47,0.4,0.09,0.64,NIL
0.19,0.47,0.4,0.09,0.64,NIL
0.19,0.47,0.4,0.09,0.64,NIL
0.19,0.47,0.4,0.09,0.64,NIL
0.19,0.47,0.4,0.09,0.64,NIL
0.19,0.47,0.4,0.09,0.64,NIL
0.19,0.47,0.4,0.09,0.64,NIL
0.19,0.47,0.4,0.09,0.63,NIL
0.19,0.47,0.4,0.09,0.63,NIL
0.19,0.47,0.4,0.09,0.63,NIL
0.19,0.47,0.4,0.09,0.64,NIL
0.19,0.47,0.4,0.09,0.63,NIL
0.19,0.47,0.4,0.09,0.63,NIL
0.19,0.47,0.4,0.09,0.63,NIL
0.19,0.47,0.4,0.09,0.64,NIL
0.19,0.47,0.4,0.09,0.64,NIL
0.19,0.47,0.4,0.09,0.64,NIL
0.19,0.47,0.4,0.09,0.64,NIL
0.19,0.47,0.4,0.09,0.64,NIL
0.19,0.47,0.4,0.09,0.64,NIL
0.19,0.47,0.4,0.09,0.64,NIL
0.19,0.47,0.4,0.09,0.64,NIL
0.19,0.47,0.4,0.09,0.64,NIL
0.19,0.47,0.4,0.09,0.64,NIL
0.19,0.47,0.4,0.09,0.64,NIL
0.19,0.47,0.4,0.09,0.64,NIL
0.19,0.47,0.4,0.09,0.64,NIL
0.19,0.47,0.4,0.09,0.64,NIL
0.19,0.47,0.4,0.09,0.64,NIL
0.19,0.47,0.4,0.09,0.64,NIL
0.19,0.47,0.4,0.09,0.64,NIL
0.19,0.47,0.4,0.09,0.64,NIL
0.19,0.47,0.4,0.09,0.64,NIL
0.19,0.47,0.4,0.09,0.64,NIL
0.19,0.47,0.4,0.09,0.64,NIL
0.19,0.47,0.4,0.09,0.64,NIL
0.19,0.47,0.4,0.09,0.64,NIL
0.19,0.47,0.4,0.09,0.64,NIL
0.19,0.47,0.4,0.09,0.64,NIL
0.19,0.47,0.4,0.09,0.64,NIL
0.19,0.47,0.4,0.09,0.64,NIL
0.19,0.47,0.4,0.09,0.64,NIL
0.19,0.47,0.4,0.09,0.64,NIL
0.19,0.47,0.4,0.09,0.64,NIL
0.19,0.47,0.4,0.09,0.64,NIL
0.19,0.47,0.4,0.09,0.64,NIL
0.19,0.47,0.4,0.09,0.64,NIL
0.19,0.47,0.4,0.09,0.64,NIL
0.19,0.47,0.4,0.09,0.64,NIL
0.19,0.47,0.4,0.09,0.64,NIL
0.19,0.47,0.4,0.1,0.64,NIL
0.19,0.47,0.4,0.1,0.64,NIL
0.19,0.47,0.4,0.09,0.64,NIL
0.19,0.47,0.4,0.09,0.64,NIL
0.19,0.47,0.4,0.09,0.64,NIL
0.19,0.47,0.4,0.09,0.64,NIL
0.19,0.47,0.4,0.09,0.64,NIL
0.19,0.47,0.4,0.09,0.64,NIL
0.19,0.47,0.4,0.09,0.64,NIL
0.19,0.47,0.4,0.09,0.64,NIL
0.19,0.47,0.4,0.09,0.64,NIL
0.19,0.47,0.4,0.09,0.64,NIL
0.19,0.47,0.4,0.09,0.64,NIL
0.19,0.47,0.4,0.09,0.64,NIL
0.19,0.47,0.4,0.09,0.64,NIL
0.19,0.47,0.4,0.09,0.64,NIL
0.19,0.47,0.4,0.09,0.64,NIL
0.19,0.47,0.4,0.09,0.64,NIL
0.19,0.47,0.4,0.09,0.64,NIL
0.18,0.47,0.4,0.09,0.64,NIL
0.19,0.47,0.4,0.09,0.64,NIL
0.19,0.47,0.4,0.09,0.64,NIL
0.19,0.47,0.4,0.09,0.64,NIL
0.19,0.47,0.4,0.09,0.64,NIL
0.19,0.47,0.4,0.09,0.64,NIL
0.19,0.47,0.4,0.09,0.64,NIL
0.19,0.47,0.4,0.09,0.64,NIL
0.19,0.47,0.4,0.09,0.64,NIL
0.19,0.47,0.4,0.09,0.64,NIL
0.19,0.47,0.4,0.09,0.64,NIL
0.19,0.47,0.4,0.09,0.64,NIL
0.19,0.47,0.4,0.09,0.64,NIL
0.19,0.47,0.4,0.09,0.64,NIL
0.19,0.47,0.4,0.09,0.64,NIL
0.19,0.47,0.4,0.09,0.64,NIL
0.19,0.47,0.4,0.09,0.64,NIL
0.19,0.47,0.4,0.09,0.64,NIL
0.19,0.47,0.4,0.09,0.64,NIL
0.19,0.47,0.4,0.09,0.64,NIL
0.19,0.47,0.4,0.09,0.64,NIL
0.19,0.47,0.4,0.09,0.64,NIL
0.19,0.47,0.4,0.09,0.64,NIL
0.19,0.47,0.4,0.09,0.64,NIL
0.19,0.47,0.4,0.09,0.64,NIL
0.19,0.47,0.4,0.09,0.64,NIL
0.19,0.47,0.4,0.09,0.64,NIL
0.19,0.47,0.4,0.09,0.64,NIL
0.19,0.47,0.4,0.09,0.64,NIL
0.19,0.47,0.4,0.09,0.64,NIL
0.19,0.47,0.4,0.09,0.64,NIL
0.19,0.47,0.4,0.09,0.64,NIL
0.19,0.47,0.4,0.09,0.64,NIL
0.19,0.47,0.4,0.09,0.64,NIL
0.19,0.47,0.4,0.09,0.64,NIL
0.19,0.47,0.4,0.09,0.64,NIL
0.19,0.47,0.4,0.09,0.64,NIL
0.19,0.47,0.4,0.09,0.64,NIL
0.19,0.47,0.4,0.09,0.64,NIL
0.19,0.47,0.4,0.09,0.64,NIL
0.19,0.47,0.4,0.09,0.64,NIL
0.19,0.47,0.4,0.09,0.64,NIL
0.19,0.47,0.4,0.09,0.64,NIL
0.19,0.47,0.4,0.09,0.64,NIL
0.19,0.47,0.4,0.09,0.64,NIL
0.19,0.47,0.4,0.09,0.64,NIL
0.19,0.47,0.4,0.09,0.64,NIL
0.19,0.47,0.4,0.09,0.64,NIL
0.19,0.47,0.4,0.09,0.64,NIL
0.19,0.47,0.4,0.09,0.64,NIL
0.18,0.47,0.4,0.09,0.64,NIL
0.19,0.47,0.4,0.09,0.64,NIL
0.19,0.47,0.4,0.09,0.64,NIL
0.19,0.47,0.4,0.09,0.64,NIL
0.19,0.47,0.4,0.09,0.63,NIL
0.19,0.47,0.4,0.09,0.64,NIL
0.19,0.47,0.4,0.09,0.64,NIL
0.19,0.47,0.4,0.09,0.64,NIL
0.19,0.47,0.4,0.09,0.64,NIL
0.19,0.47,0.4,0.09,0.64,NIL
0.19,0.47,0.4,0.09,0.64,NIL
0.18,0.47,0.4,0.09,0.64,NIL
0.19,0.47,0.4,0.09,0.64,NIL
0.19,0.47,0.4,0.09,0.64,NIL
0.19,0.47,0.4,0.09,0.64,NIL
0.19,0.47,0.4,0.09,0.64,NIL
0.19,0.47,0.4,0.09,0.64,NIL
0.19,0.47,0.4,0.09,0.64,NIL
0.19,0.47,0.4,0.09,0.64,NIL
0.19,0.47,0.4,0.1,0.64,NIL
0.19,0.47,0.4,0.09,0.64,NIL
0.19,0.47,0.4,0.09,0.64,NIL
0.19,0.47,0.4,0.09,0.64,NIL
0.19,0.47,0.4,0.09,0.64,NIL
0.19,0.47,0.4,0.09,0.64,NIL
0.19,0.47,0.4,0.09,0.64,NIL
0.19,0.47,0.4,0.09,0.64,NIL
0.19,0.47,0.4,0.09,0.64,NIL
0.19,0.47,0.4,0.09,0.64,NIL
0.19,0.47,0.4,0.09,0.64,NIL
0.19,0.47,0.4,0.09,0.64,NIL
0.19,0.47,0.4,0.09,0.64,NIL
0.19,0.47,0.4,0.09,0.64,NIL
0.19,0.47,0.4,0.09,0.64,NIL
0.19,0.47,0.4,0.09,0.64,NIL
0.19,0.47,0.4,0.09,0.64,NIL
0.19,0.47,0.4,0.09,0.64,NIL
0.19,0.47,0.4,0.09,0.64,NIL
0.19,0.47,0.4,0.09,0.64,NIL
0.18,0.47,0.4,0.09,0.64,NIL
0.19,0.47,0.4,0.09,0.64,NIL
0.19,0.47,0.4,0.09,0.64,NIL
0.19,0.47,0.4,0.09,0.64,NIL
0.19,0.47,0.4,0.09,0.64,NIL
0.19,0.47,0.4,0.09,0.64,NIL
0.19,0.47,0.4,0.09,0.64,NIL
0.19,0.47,0.4,0.09,0.64,NIL
0.19,0.47,0.4,0.09,0.64,NIL
0.19,0.47,0.4,0.09,0.64,NIL
0.19,0.47,0.4,0.09,0.64,NIL
0.19,0.47,0.4,0.09,0.64,NIL
0.19,0.47,0.4,0.09,0.64,NIL
0.19,0.47,0.4,0.09,0.64,NIL
0.19,0.47,0.4,0.09,0.64,NIL
0.19,0.47,0.4,0.09,0.64,NIL
0.19,0.47,0.4,0.09,0.64,NIL
0.19,0.47,0.4,0.09,0.64,NIL
0.19,0.47,0.4,0.09,0.64,NIL
0.19,0.47,0.4,0.09,0.64,NIL
0.19,0.47,0.4,0.09,0.64,NIL
0.19,0.47,0.4,0.09,0.64,NIL
0.19,0.47,0.4,0.09,0.63,NIL
0.19,0.47,0.4,0.09,0.64,NIL
0.19,0.47,0.4,0.09,0.63,NIL
0.19,0.47,0.4,0.09,0.64,NIL
0.19,0.47,0.4,0.09,0.64,NIL
0.19,0.47,0.4,0.09,0.64,NIL
0.19,0.47,0.4,0.09,0.63,NIL
0.19,0.47,0.4,0.09,0.64,NIL
0.19,0.47,0.4,0.09,0.63,NIL
0.19,0.47,0.4,0.09,0.63,NIL
0.19,0.47,0.4,0.09,0.63,NIL
0.19,0.47,0.4,0.09,0.63,NIL
0.19,0.47,0.4,0.09,0.64,NIL
0.19,0.47,0.4,0.09,0.64,NIL
0.19,0.47,0.4,0.09,0.63,NIL
0.19,0.47,0.4,0.09,0.63,NIL
0.19,0.47,0.4,0.09,0.63,NIL
0.19,0.47,0.4,0.09,0.63,NIL
0.18,0.47,0.4,0.09,0.63,NIL
0.19,0.47,0.4,0.09,0.63,NIL
0.19,0.47,0.4,0.09,0.64,NIL
0.19,0.47,0.4,0.09,0.64,NIL
0.19,0.47,0.4,0.09,0.64,NIL
0.19,0.47,0.4,0.09,0.63,NIL
0.19,0.47,0.4,0.09,0.63,NIL
0.19,0.47,0.4,0.09,0.63,NIL
0.19,0.47,0.4,0.09,0.64,NIL
0.19,0.47,0.4,0.09,0.64,NIL
0.19,0.47,0.4,0.09,0.64,NIL
0.19,0.47,0.4,0.09,0.63,NIL
0.19,0.47,0.4,0.09,0.64,NIL
0.19,0.47,0.4,0.09,0.63,NIL
0.19,0.47,0.4,0.09,0.63,NIL
0.19,0.47,0.4,0.09,0.64,NIL
0.19,0.47,0.4,0.09,0.63,NIL
0.19,0.47,0.4,0.09,0.63,NIL
0.19,0.47,0.4,0.09,0.63,NIL
0.19,0.47,0.4,0.09,0.63,NIL
0.19,0.47,0.4,0.09,0.63,NIL
0.19,0.47,0.4,0.09,0.63,NIL
0.19,0.47,0.4,0.09,0.63,NIL
0.19,0.47,0.4,0.09,0.63,NIL
0.19,0.47,0.4,0.09,0.63,NIL
0.19,0.47,0.4,0.09,0.63,NIL
0.18,0.47,0.4,0.09,0.63,NIL
0.19,0.47,0.4,0.09,0.64,NIL
0.19,0.47,0.4,0.09,0.64,NIL
0.19,0.47,0.4,0.09,0.63,NIL
0.19,0.47,0.4,0.09,0.63,NIL
0.19,0.47,0.4,0.09,0.63,NIL
0.19,0.47,0.4,0.09,0.63,NIL
0.19,0.47,0.4,0.09,0.64,NIL
0.19,0.47,0.4,0.09,0.64,NIL
0.19,0.47,0.4,0.09,0.64,NIL
0.19,0.47,0.4,0.09,0.63,NIL
0.19,0.47,0.4,0.09,0.64,NIL
0.19,0.47,0.4,0.09,0.64,NIL
0.19,0.48,0.4,0.09,0.64,NIL
0.19,0.47,0.4,0.09,0.64,NIL
0.19,0.47,0.4,0.09,0.64,NIL
0.19,0.47,0.4,0.09,0.64,NIL
0.19,0.47,0.4,0.09,0.64,NIL
0.19,0.47,0.4,0.09,0.64,NIL
0.19,0.47,0.4,0.09,0.64,NIL
0.19,0.47,0.4,0.09,0.64,NIL
0.19,0.47,0.4,0.09,0.64,NIL
0.19,0.48,0.4,0.09,0.64,NIL
0.19,0.47,0.4,0.09,0.64,NIL
0.19,0.47,0.4,0.09,0.64,NIL
0.19,0.47,0.4,0.09,0.64,NIL
0.19,0.47,0.4,0.09,0.64,NIL
0.19,0.47,0.4,0.09,0.64,NIL
0.19,0.47,0.4,0.09,0.64,NIL
0.19,0.47,0.4,0.09,0.64,NIL
0.19,0.47,0.4,0.09,0.64,NIL
0.19,0.47,0.4,0.09,0.64,NIL
0.19,0.47,0.4,0.09,0.64,NIL
0.19,0.48,0.4,0.09,0.64,NIL
0.19,0.48,0.4,0.09,0.64,NIL
0.19,0.47,0.4,0.09,0.64,NIL
0.19,0.48,0.4,0.09,0.64,NIL
0.19,0.47,0.4,0.09,0.64,NIL
0.19,0.47,0.4,0.09,0.64,NIL
0.19,0.47,0.4,0.09,0.64,NIL
0.19,0.47,0.4,0.09,0.64,NIL
0.19,0.47,0.4,0.09,0.64,NIL
0.19,0.47,0.4,0.09,0.64,NIL
0.19,0.47,0.4,0.09,0.64,NIL
0.19,0.48,0.4,0.09,0.64,NIL
0.19,0.47,0.4,0.09,0.64,NIL
0.19,0.47,0.4,0.09,0.64,NIL
0.19,0.48,0.4,0.09,0.64,NIL
0.19,0.47,0.4,0.09,0.64,NIL
0.19,0.47,0.4,0.09,0.64,NIL
0.19,0.47,0.4,0.09,0.64,NIL
0.19,0.48,0.4,0.09,0.64,NIL
0.19,0.47,0.4,0.09,0.64,NIL
0.19,0.47,0.4,0.09,0.64,NIL
0.19,0.47,0.4,0.09,0.64,NIL
0.19,0.48,0.4,0.09,0.64,NIL
0.19,0.47,0.4,0.09,0.64,NIL
0.19,0.47,0.4,0.09,0.64,NIL
0.19,0.47,0.4,0.09,0.64,NIL
0.19,0.47,0.4,0.09,0.64,NIL
0.19,0.47,0.4,0.09,0.64,NIL
0.19,0.47,0.4,0.09,0.64,NIL
0.19,0.47,0.4,0.09,0.64,NIL
0.19,0.47,0.4,0.1,0.64,NIL
0.19,0.47,0.4,0.09,0.64,NIL
0.19,0.48,0.4,0.09,0.64,NIL
0.19,0.47,0.4,0.09,0.64,NIL
0.19,0.47,0.4,0.09,0.64,NIL
0.19,0.47,0.4,0.09,0.64,NIL
0.19,0.47,0.4,0.09,0.64,NIL
0.19,0.47,0.4,0.09,0.64,NIL
0.19,0.47,0.4,0.09,0.64,NIL
0.19,0.48,0.4,0.09,0.64,NIL
0.19,0.47,0.4,0.09,0.64,NIL
0.19,0.47,0.4,0.09,0.64,NIL
0.19,0.47,0.4,0.09,0.64,NIL
0.19,0.47,0.4,0.09,0.64,NIL
0.19,0.47,0.4,0.09,0.64,NIL
0.19,0.47,0.4,0.09,0.64,NIL
0.19,0.47,0.4,0.09,0.64,NIL
0.19,0.47,0.4,0.09,0.64,NIL
0.19,0.47,0.4,0.09,0.64,NIL
0.19,0.47,0.4,0.09,0.64,NIL
0.19,0.47,0.4,0.09,0.64,NIL
0.19,0.47,0.4,0.09,0.64,NIL
0.19,0.47,0.4,0.09,0.64,NIL
0.18,0.47,0.4,0.09,0.64,NIL
0.19,0.47,0.4,0.09,0.64,NIL
0.19,0.47,0.4,0.09,0.64,NIL
0.19,0.47,0.4,0.09,0.64,NIL
0.19,0.47,0.4,0.09,0.64,NIL
0.19,0.47,0.4,0.09,0.64,NIL
0.19,0.47,0.4,0.09,0.64,NIL
0.19,0.48,0.4,0.09,0.64,NIL
0.19,0.48,0.4,0.09,0.64,NIL
0.19,0.48,0.4,0.09,0.64,NIL
0.19,0.47,0.4,0.09,0.64,NIL
0.19,0.47,0.4,0.09,0.64,NIL
0.19,0.47,0.4,0.09,0.64,NIL
0.19,0.47,0.4,0.09,0.64,NIL
0.19,0.47,0.4,0.09,0.64,NIL
0.19,0.47,0.4,0.09,0.64,NIL
0.19,0.48,0.4,0.09,0.64,NIL
0.19,0.47,0.4,0.09,0.64,NIL
0.19,0.48,0.4,0.09,0.64,NIL
0.19,0.47,0.4,0.09,0.64,NIL
0.19,0.47,0.4,0.09,0.64,NIL
0.19,0.47,0.4,0.09,0.64,NIL
0.19,0.48,0.4,0.09,0.64,NIL
0.19,0.47,0.4,0.09,0.64,NIL
0.19,0.47,0.4,0.1,0.64,NIL
0.19,0.47,0.4,0.09,0.64,NIL
0.19,0.47,0.4,0.09,0.64,NIL
0.19,0.47,0.4,0.09,0.64,NIL
0.19,0.47,0.4,0.09,0.64,NIL
0.19,0.47,0.4,0.09,0.64,NIL
0.19,0.47,0.4,0.09,0.64,NIL
0.19,0.47,0.4,0.09,0.64,NIL
0.19,0.48,0.4,0.09,0.64,NIL
0.19,0.47,0.4,0.09,0.64,NIL
0.19,0.47,0.4,0.09,0.64,NIL
0.19,0.47,0.4,0.09,0.64,NIL
0.19,0.47,0.4,0.1,0.64,NIL
0.19,0.47,0.4,0.09,0.64,NIL
0.19,0.47,0.4,0.09,0.64,NIL
0.19,0.48,0.4,0.09,0.64,NIL
0.19,0.48,0.4,0.09,0.64,NIL
0.19,0.48,0.4,0.09,0.64,NIL
0.19,0.47,0.4,0.09,0.64,NIL
0.19,0.47,0.4,0.09,0.64,NIL
0.19,0.48,0.4,0.09,0.64,NIL
0.19,0.47,0.4,0.09,0.64,NIL
0.19,0.47,0.4,0.09,0.64,NIL
0.19,0.48,0.4,0.09,0.64,NIL
0.19,0.48,0.4,0.09,0.64,NIL
0.19,0.47,0.4,0.09,0.64,NIL
0.19,0.48,0.4,0.09,0.64,NIL
0.19,0.47,0.4,0.09,0.64,NIL
0.19,0.47,0.4,0.09,0.64,NIL
0.19,0.48,0.4,0.09,0.64,NIL
0.19,0.48,0.4,0.09,0.64,NIL
0.19,0.48,0.4,0.09,0.64,NIL
0.19,0.48,0.4,0.09,0.64,NIL
0.19,0.47,0.4,0.09,0.64,NIL
0.19,0.48,0.4,0.09,0.64,NIL
0.19,0.48,0.4,0.09,0.64,NIL
0.19,0.47,0.4,0.09,0.64,NIL
0.19,0.48,0.4,0.09,0.64,NIL
0.19,0.48,0.4,0.09,0.64,NIL
0.19,0.48,0.4,0.09,0.64,NIL
0.19,0.48,0.4,0.09,0.64,NIL
0.19,0.48,0.4,0.09,0.64,NIL
0.19,0.48,0.4,0.09,0.64,NIL
0.19,0.48,0.4,0.09,0.64,NIL
0.19,0.48,0.4,0.09,0.64,NIL
0.19,0.48,0.4,0.09,0.64,NIL
0.19,0.48,0.4,0.09,0.64,NIL
0.19,0.47,0.4,0.09,0.64,NIL
0.19,0.48,0.4,0.09,0.64,NIL
0.19,0.47,0.4,0.09,0.64,NIL
0.19,0.47,0.4,0.09,0.64,NIL
0.19,0.48,0.4,0.09,0.64,NIL
0.19,0.47,0.4,0.09,0.64,NIL
0.19,0.47,0.4,0.09,0.64,NIL
0.19,0.48,0.4,0.09,0.64,NIL
0.19,0.48,0.4,0.09,0.64,NIL
0.19,0.48,0.4,0.09,0.64,NIL
0.19,0.48,0.4,0.09,0.64,NIL
0.19,0.48,0.4,0.09,0.64,NIL
0.19,0.48,0.4,0.09,0.64,NIL
0.19,0.47,0.4,0.09,0.64,NIL
0.19,0.48,0.4,0.09,0.64,NIL
0.19,0.48,0.4,0.09,0.64,NIL
0.19,0.48,0.4,0.09,0.64,NIL
0.19,0.47,0.4,0.09,0.64,NIL
0.19,0.48,0.4,0.09,0.64,NIL
0.19,0.48,0.4,0.09,0.64,NIL
0.19,0.47,0.4,0.09,0.64,NIL
0.19,0.48,0.4,0.1,0.64,NIL
0.19,0.48,0.4,0.09,0.64,NIL
0.19,0.48,0.4,0.09,0.64,NIL
0.19,0.47,0.4,0.09,0.64,NIL
0.19,0.48,0.4,0.09,0.64,NIL
0.19,0.47,0.4,0.09,0.64,NIL
0.19,0.48,0.4,0.09,0.64,NIL
0.19,0.48,0.4,0.09,0.64,NIL
0.19,0.48,0.4,0.09,0.64,NIL
0.19,0.48,0.4,0.1,0.64,NIL
0.19,0.48,0.4,0.09,0.64,NIL
0.19,0.48,0.4,0.09,0.64,NIL
0.19,0.47,0.4,0.09,0.64,NIL
0.19,0.48,0.4,0.09,0.64,NIL
0.19,0.48,0.4,0.09,0.64,NIL
0.19,0.48,0.4,0.09,0.64,NIL
0.19,0.48,0.4,0.09,0.64,NIL
0.19,0.48,0.4,0.09,0.64,NIL
0.19,0.48,0.4,0.09,0.64,NIL
0.19,0.48,0.4,0.09,0.64,NIL
0.19,0.48,0.4,0.09,0.64,NIL
0.19,0.48,0.4,0.09,0.64,NIL
0.19,0.48,0.4,0.1,0.64,NIL
0.19,0.48,0.4,0.09,0.64,NIL
0.19,0.48,0.4,0.09,0.64,NIL
0.19,0.48,0.4,0.09,0.64,NIL
0.19,0.48,0.4,0.09,0.64,NIL
0.19,0.47,0.4,0.09,0.64,NIL
0.19,0.48,0.4,0.09,0.64,NIL
0.19,0.48,0.4,0.09,0.64,NIL
0.19,0.48,0.4,0.09,0.64,NIL
0.19,0.48,0.4,0.09,0.64,NIL
0.19,0.48,0.4,0.09,0.64,NIL
0.19,0.48,0.4,0.09,0.64,NIL
0.19,0.48,0.4,0.09,0.64,NIL
0.19,0.48,0.4,0.09,0.64,NIL
0.19,0.48,0.4,0.09,0.64,NIL
0.19,0.48,0.4,0.09,0.64,NIL
0.19,0.48,0.4,0.09,0.64,NIL
0.19,0.47,0.4,0.09,0.64,NIL
0.19,0.48,0.4,0.09,0.64,NIL
0.19,0.48,0.4,0.09,0.64,NIL
0.19,0.48,0.4,0.09,0.64,NIL
0.19,0.48,0.4,0.09,0.64,NIL
0.19,0.48,0.4,0.09,0.64,NIL
0.19,0.48,0.4,0.09,0.64,NIL
0.19,0.48,0.4,0.09,0.64,NIL
0.19,0.48,0.4,0.09,0.64,NIL
0.19,0.48,0.4,0.09,0.64,NIL
0.19,0.47,0.4,0.09,0.64,NIL
0.19,0.48,0.4,0.09,0.64,NIL
0.19,0.48,0.4,0.09,0.64,NIL
0.19,0.48,0.4,0.09,0.64,NIL
0.19,0.48,0.4,0.09,0.64,NIL
0.19,0.48,0.4,0.09,0.64,NIL
0.19,0.48,0.4,0.09,0.64,NIL
0.19,0.48,0.4,0.09,0.64,NIL
0.19,0.48,0.4,0.09,0.64,NIL
0.19,0.48,0.4,0.09,0.64,NIL
0.19,0.48,0.4,0.09,0.64,NIL
0.19,0.48,0.4,0.09,0.64,NIL
0.19,0.48,0.4,0.09,0.64,NIL
0.19,0.48,0.4,0.09,0.64,NIL
0.19,0.48,0.4,0.09,0.64,NIL
0.19,0.48,0.4,0.1,0.64,NIL
0.19,0.48,0.4,0.09,0.64,NIL
0.19,0.48,0.4,0.09,0.64,NIL
0.19,0.48,0.4,0.09,0.64,NIL
0.19,0.48,0.4,0.09,0.64,NIL
0.19,0.48,0.4,0.09,0.64,NIL
0.19,0.48,0.4,0.09,0.64,NIL
0.19,0.48,0.4,0.09,0.64,NIL
0.19,0.48,0.4,0.09,0.64,NIL
0.19,0.48,0.4,0.09,0.64,NIL
0.19,0.48,0.4,0.09,0.64,NIL
0.19,0.48,0.4,0.09,0.64,NIL
0.19,0.48,0.4,0.09,0.64,NIL
0.19,0.48,0.4,0.09,0.64,NIL
0.19,0.48,0.4,0.09,0.64,NIL
0.19,0.48,0.4,0.09,0.64,NIL
0.19,0.48,0.4,0.09,0.64,NIL
0.19,0.48,0.4,0.1,0.64,NIL
0.19,0.48,0.4,0.09,0.64,NIL
0.19,0.48,0.4,0.09,0.64,NIL
0.19,0.48,0.4,0.09,0.64,NIL
0.19,0.48,0.4,0.09,0.64,NIL
0.19,0.48,0.4,0.09,0.64,NIL
0.19,0.48,0.4,0.09,0.64,NIL
0.19,0.48,0.4,0.09,0.64,NIL
0.19,0.48,0.4,0.09,0.64,NIL
0.19,0.48,0.4,0.09,0.64,NIL
0.19,0.48,0.4,0.09,0.64,NIL
0.19,0.48,0.4,0.09,0.64,NIL
0.19,0.48,0.4,0.09,0.64,NIL
0.19,0.48,0.4,0.09,0.64,NIL
0.19,0.48,0.4,0.09,0.64,NIL
0.19,0.48,0.4,0.09,0.64,NIL
0.19,0.48,0.4,0.09,0.64,NIL
0.19,0.48,0.4,0.09,0.64,NIL
0.19,0.48,0.4,0.09,0.64,NIL
0.19,0.48,0.4,0.09,0.64,NIL
0.19,0.48,0.4,0.09,0.64,NIL
0.19,0.48,0.4,0.09,0.64,NIL
0.19,0.48,0.4,0.09,0.64,NIL
0.19,0.48,0.4,0.1,0.64,NIL
0.19,0.48,0.4,0.09,0.64,NIL
0.19,0.48,0.4,0.09,0.64,NIL
0.19,0.48,0.4,0.09,0.64,NIL
0.19,0.48,0.4,0.09,0.64,NIL
0.19,0.48,0.4,0.09,0.64,NIL
0.19,0.48,0.4,0.09,0.64,NIL
0.19,0.48,0.4,0.09,0.64,NIL
0.19,0.48,0.4,0.09,0.64,NIL
0.19,0.47,0.4,0.09,0.64,NIL
0.19,0.48,0.4,0.09,0.64,NIL
0.19,0.48,0.4,0.09,0.64,NIL
0.19,0.48,0.4,0.09,0.64,NIL
0.19,0.48,0.4,0.09,0.64,NIL
0.19,0.48,0.4,0.09,0.64,NIL
0.19,0.48,0.4,0.09,0.64,NIL
0.19,0.48,0.4,0.09,0.64,NIL
0.19,0.48,0.4,0.09,0.64,NIL
0.19,0.48,0.4,0.09,0.64,NIL
0.19,0.48,0.4,0.09,0.64,NIL
0.19,0.48,0.4,0.09,0.64,NIL
0.19,0.48,0.4,0.09,0.64,NIL
0.19,0.48,0.4,0.09,0.64,NIL
0.19,0.48,0.4,0.09,0.64,NIL
0.19,0.48,0.4,0.09,0.64,NIL
0.19,0.48,0.4,0.09,0.64,NIL
0.19,0.48,0.4,0.09,0.64,NIL
0.19,0.48,0.4,0.09,0.64,NIL
0.19,0.48,0.4,0.09,0.64,NIL
0.19,0.48,0.4,0.09,0.64,NIL
0.19,0.48,0.4,0.09,0.64,NIL
0.19,0.48,0.4,0.09,0.64,NIL
0.19,0.48,0.4,0.09,0.64,NIL
0.19,0.48,0.4,0.09,0.64,NIL
0.19,0.48,0.4,0.09,0.64,NIL
0.19,0.48,0.4,0.09,0.64,NIL
0.19,0.48,0.4,0.09,0.64,NIL
0.19,0.48,0.4,0.09,0.64,NIL
0.19,0.48,0.4,0.09,0.64,NIL
0.19,0.48,0.4,0.09,0.64,NIL
0.19,0.48,0.4,0.09,0.64,NIL
0.19,0.48,0.4,0.09,0.64,NIL
0.19,0.48,0.4,0.09,0.64,NIL
0.19,0.48,0.4,0.09,0.64,NIL
0.19,0.48,0.4,0.09,0.64,NIL
0.19,0.48,0.4,0.09,0.64,NIL
0.19,0.47,0.4,0.09,0.64,NIL
0.19,0.48,0.4,0.09,0.64,NIL
0.19,0.48,0.4,0.09,0.64,NIL
0.19,0.48,0.4,0.09,0.64,NIL
0.19,0.48,0.4,0.09,0.64,NIL
0.19,0.48,0.4,0.09,0.64,NIL
0.19,0.48,0.4,0.09,0.64,NIL
0.19,0.48,0.4,0.09,0.64,NIL
0.19,0.48,0.4,0.09,0.64,NIL
0.19,0.48,0.4,0.09,0.64,NIL
0.19,0.48,0.4,0.09,0.64,NIL
0.19,0.48,0.4,0.09,0.64,NIL
0.19,0.48,0.4,0.09,0.64,NIL
0.19,0.48,0.4,0.09,0.64,NIL
0.19,0.48,0.4,0.09,0.64,NIL
0.19,0.48,0.4,0.09,0.64,NIL
0.19,0.48,0.4,0.09,0.64,NIL
0.19,0.48,0.4,0.09,0.64,NIL
0.19,0.48,0.4,0.09,0.64,NIL
0.19,0.48,0.4,0.09,0.64,NIL
0.19,0.48,0.4,0.09,0.64,NIL
0.19,0.48,0.4,0.09,0.64,NIL
0.19,0.48,0.4,0.09,0.64,NIL
0.19,0.48,0.4,0.09,0.64,NIL
0.19,0.48,0.4,0.09,0.64,NIL
0.19,0.48,0.4,0.1,0.64,NIL
0.19,0.48,0.4,0.09,0.64,NIL
0.19,0.48,0.4,0.09,0.64,NIL
0.19,0.48,0.4,0.09,0.64,NIL
0.19,0.48,0.4,0.09,0.64,NIL
0.19,0.48,0.4,0.09,0.64,NIL
0.19,0.48,0.4,0.09,0.64,NIL
0.19,0.48,0.4,0.09,0.64,NIL
0.19,0.48,0.4,0.09,0.64,NIL
0.19,0.48,0.4,0.09,0.64,NIL
0.19,0.48,0.4,0.09,0.64,NIL
0.19,0.48,0.4,0.09,0.64,NIL
0.19,0.48,0.4,0.09,0.64,NIL
0.19,0.48,0.4,0.09,0.64,NIL
0.19,0.48,0.4,0.09,0.64,NIL
0.19,0.48,0.4,0.09,0.64,NIL
0.19,0.48,0.4,0.09,0.64,NIL
0.19,0.48,0.4,0.09,0.64,NIL
0.19,0.48,0.4,0.09,0.64,NIL
0.19,0.48,0.4,0.09,0.64,NIL
0.19,0.48,0.4,0.09,0.64,NIL
0.19,0.48,0.4,0.09,0.64,NIL
0.19,0.48,0.4,0.09,0.64,NIL
0.19,0.48,0.4,0.09,0.64,NIL
0.19,0.47,0.4,0.09,0.64,NIL
0.19,0.48,0.4,0.09,0.64,NIL
0.19,0.48,0.4,0.09,0.64,NIL
0.19,0.48,0.4,0.09,0.64,NIL
0.19,0.48,0.4,0.09,0.64,NIL
0.19,0.48,0.4,0.09,0.64,NIL
0.19,0.47,0.4,0.09,0.64,NIL
0.19,0.48,0.4,0.09,0.64,NIL
0.19,0.48,0.4,0.09,0.64,NIL
0.19,0.48,0.4,0.09,0.64,NIL
0.19,0.48,0.4,0.09,0.64,NIL
0.19,0.48,0.4,0.09,0.64,NIL
0.19,0.47,0.4,0.09,0.64,NIL
0.19,0.47,0.4,0.09,0.64,NIL
0.19,0.48,0.4,0.09,0.64,NIL
0.19,0.48,0.4,0.09,0.64,NIL
0.19,0.48,0.4,0.09,0.64,NIL
0.19,0.48,0.4,0.09,0.64,NIL
0.19,0.47,0.4,0.09,0.64,NIL
0.19,0.47,0.4,0.09,0.64,NIL
0.19,0.47,0.4,0.09,0.64,NIL
0.19,0.47,0.4,0.09,0.64,NIL
0.19,0.47,0.4,0.09,0.64,NIL
0.19,0.47,0.4,0.09,0.64,NIL
0.19,0.47,0.4,0.09,0.64,NIL
0.19,0.47,0.4,0.09,0.64,NIL
0.19,0.48,0.4,0.09,0.64,NIL
0.19,0.48,0.4,0.09,0.64,NIL
0.19,0.48,0.4,0.09,0.64,NIL
0.19,0.48,0.4,0.09,0.64,NIL
0.19,0.47,0.4,0.09,0.64,NIL
0.19,0.47,0.4,0.09,0.64,NIL
0.19,0.48,0.4,0.09,0.64,NIL
0.19,0.48,0.4,0.09,0.64,NIL
0.19,0.48,0.4,0.09,0.64,NIL
0.19,0.48,0.4,0.09,0.64,NIL
0.19,0.48,0.4,0.09,0.64,NIL
0.19,0.47,0.4,0.09,0.64,NIL
0.19,0.48,0.4,0.09,0.64,NIL
0.19,0.48,0.4,0.09,0.64,NIL
0.19,0.48,0.4,0.09,0.64,NIL
0.19,0.48,0.4,0.09,0.64,NIL
0.19,0.48,0.4,0.09,0.64,NIL
0.19,0.48,0.4,0.09,0.64,NIL
0.19,0.48,0.4,0.09,0.64,NIL
0.19,0.48,0.4,0.09,0.64,NIL
0.19,0.48,0.4,0.09,0.64,NIL
0.19,0.48,0.4,0.09,0.64,NIL
0.19,0.48,0.4,0.09,0.64,NIL
0.19,0.48,0.4,0.09,0.64,NIL
0.19,0.48,0.4,0.09,0.64,NIL
0.19,0.48,0.4,0.09,0.64,NIL
0.19,0.48,0.4,0.09,0.64,NIL
0.19,0.48,0.4,0.09,0.64,NIL
0.19,0.48,0.4,0.09,0.64,NIL
0.19,0.48,0.4,0.09,0.64,NIL
0.19,0.48,0.4,0.09,0.64,NIL
0.19,0.48,0.4,0.09,0.64,NIL
0.19,0.48,0.4,0.09,0.64,NIL
0.19,0.47,0.4,0.09,0.64,NIL
0.19,0.48,0.4,0.09,0.64,NIL
0.19,0.48,0.4,0.09,0.64,NIL
0.19,0.48,0.4,0.09,0.64,NIL
0.19,0.48,0.4,0.09,0.64,NIL
0.19,0.48,0.4,0.09,0.64,NIL
0.19,0.47,0.4,0.09,0.64,NIL
0.19,0.48,0.4,0.09,0.64,NIL
0.19,0.48,0.4,0.09,0.64,NIL
0.19,0.48,0.4,0.09,0.64,NIL
0.19,0.48,0.4,0.09,0.64,NIL
0.19,0.48,0.4,0.09,0.64,NIL
0.19,0.48,0.4,0.09,0.64,NIL
0.19,0.48,0.4,0.09,0.64,NIL
0.19,0.48,0.4,0.09,0.64,NIL
0.19,0.48,0.4,0.09,0.64,NIL
0.19,0.48,0.4,0.09,0.64,NIL
0.19,0.48,0.4,0.09,0.64,NIL
0.19,0.48,0.4,0.09,0.64,NIL
0.19,0.48,0.4,0.09,0.64,NIL
0.19,0.48,0.4,0.09,0.64,NIL
0.19,0.47,0.4,0.09,0.64,NIL
0.19,0.48,0.4,0.09,0.64,NIL
0.19,0.48,0.4,0.09,0.64,NIL
0.19,0.48,0.4,0.09,0.64,NIL
0.19,0.48,0.4,0.09,0.64,NIL
0.19,0.48,0.4,0.09,0.64,NIL
0.19,0.48,0.4,0.09,0.64,NIL
0.19,0.48,0.4,0.09,0.64,NIL
0.19,0.47,0.4,0.09,0.64,NIL
0.19,0.48,0.4,0.09,0.64,NIL
0.19,0.48,0.4,0.09,0.64,NIL
0.19,0.48,0.4,0.09,0.64,NIL
0.19,0.48,0.4,0.09,0.64,NIL
0.19,0.48,0.4,0.09,0.64,NIL
0.19,0.48,0.4,0.09,0.64,NIL
0.19,0.48,0.4,0.09,0.64,NIL
0.19,0.48,0.4,0.09,0.64,NIL
0.19,0.48,0.4,0.09,0.64,NIL
0.19,0.48,0.4,0.09,0.64,NIL
0.19,0.48,0.4,0.09,0.64,NIL
0.19,0.48,0.4,0.09,0.64,NIL
0.19,0.47,0.4,0.09,0.64,NIL
0.19,0.48,0.4,0.09,0.64,NIL
0.19,0.48,0.4,0.09,0.64,NIL
0.19,0.48,0.4,0.09,0.64,NIL
0.19,0.48,0.4,0.09,0.64,NIL
0.19,0.48,0.4,0.09,0.64,NIL
0.19,0.48,0.4,0.09,0.64,NIL
0.19,0.48,0.4,0.09,0.64,NIL
0.19,0.48,0.4,0.09,0.64,NIL
0.19,0.48,0.4,0.09,0.64,NIL
0.19,0.48,0.4,0.09,0.64,NIL
0.19,0.48,0.4,0.09,0.64,NIL
0.19,0.48,0.4,0.09,0.64,NIL
0.19,0.48,0.4,0.09,0.64,NIL
0.19,0.48,0.4,0.09,0.64,NIL
0.19,0.48,0.4,0.09,0.64,NIL
0.19,0.48,0.4,0.09,0.64,NIL
0.19,0.48,0.4,0.09,0.64,NIL
0.19,0.48,0.4,0.09,0.64,NIL
0.19,0.48,0.4,0.09,0.64,NIL
0.19,0.48,0.4,0.09,0.64,NIL
0.19,0.48,0.4,0.09,0.64,NIL
0.19,0.48,0.4,0.09,0.64,NIL
0.19,0.48,0.4,0.09,0.64,NIL
0.19,0.48,0.4,0.09,0.64,NIL
0.19,0.48,0.4,0.09,0.64,NIL
0.19,0.48,0.4,0.09,0.64,NIL
0.19,0.48,0.4,0.09,0.64,NIL
0.19,0.48,0.4,0.09,0.64,NIL
0.19,0.48,0.4,0.09,0.64,NIL
0.19,0.48,0.4,0.09,0.64,NIL
0.19,0.48,0.4,0.09,0.64,NIL
0.19,0.48,0.4,0.09,0.64,NIL
0.19,0.48,0.4,0.09,0.64,NIL
0.19,0.48,0.4,0.09,0.64,NIL
0.19,0.48,0.4,0.09,0.64,NIL
0.19,0.48,0.4,0.09,0.64,NIL
0.19,0.48,0.4,0.09,0.64,NIL
0.19,0.48,0.4,0.09,0.64,NIL
0.19,0.48,0.4,0.09,0.64,NIL
0.19,0.48,0.4,0.09,0.64,NIL
0.19,0.48,0.4,0.09,0.64,NIL
0.19,0.48,0.4,0.09,0.64,NIL
0.19,0.48,0.4,0.09,0.64,NIL
0.19,0.48,0.4,0.09,0.64,NIL
0.19,0.48,0.4,0.09,0.64,NIL
0.19,0.48,0.4,0.09,0.64,NIL
0.19,0.48,0.4,0.09,0.64,NIL
0.19,0.48,0.4,0.09,0.64,NIL
0.19,0.48,0.4,0.09,0.64,NIL
0.19,0.48,0.4,0.09,0.64,NIL
0.19,0.48,0.4,0.09,0.64,NIL
0.19,0.48,0.4,0.09,0.64,NIL
0.19,0.48,0.4,0.09,0.64,NIL
0.19,0.47,0.4,0.1,0.64,NIL
0.19,0.48,0.4,0.09,0.64,NIL
0.19,0.48,0.4,0.09,0.64,NIL
0.19,0.48,0.4,0.09,0.64,NIL
0.19,0.48,0.4,0.09,0.64,NIL
0.19,0.48,0.4,0.09,0.64,NIL
0.19,0.48,0.4,0.09,0.64,NIL
0.19,0.48,0.4,0.09,0.64,NIL
0.19,0.47,0.4,0.09,0.64,NIL
0.19,0.47,0.4,0.09,0.64,NIL
0.19,0.48,0.4,0.09,0.64,NIL
0.19,0.48,0.4,0.09,0.64,NIL
0.19,0.48,0.4,0.09,0.64,NIL
0.19,0.48,0.4,0.09,0.64,NIL
0.19,0.48,0.4,0.09,0.64,NIL
0.19,0.48,0.4,0.09,0.64,NIL
0.19,0.47,0.4,0.09,0.64,NIL
0.19,0.48,0.4,0.09,0.64,NIL
0.19,0.48,0.4,0.09,0.64,NIL
0.19,0.48,0.4,0.09,0.64,NIL
0.19,0.48,0.4,0.09,0.64,NIL
0.19,0.48,0.4,0.09,0.64,NIL
0.19,0.47,0.4,0.09,0.64,NIL
0.19,0.48,0.4,0.09,0.64,NIL
0.19,0.48,0.4,0.09,0.64,NIL
0.19,0.48,0.4,0.09,0.64,NIL
0.19,0.48,0.4,0.09,0.64,NIL
0.19,0.48,0.4,0.09,0.64,NIL
0.19,0.48,0.4,0.09,0.64,NIL
0.19,0.48,0.4,0.09,0.64,NIL
0.19,0.48,0.4,0.09,0.64,NIL
0.19,0.48,0.4,0.09,0.64,NIL
0.19,0.48,0.4,0.09,0.64,NIL
0.19,0.48,0.4,0.09,0.64,NIL
0.19,0.48,0.4,0.09,0.64,NIL
0.19,0.48,0.4,0.09,0.64,NIL
0.19,0.47,0.4,0.09,0.64,NIL
0.19,0.47,0.4,0.09,0.64,NIL
0.19,0.48,0.4,0.09,0.64,NIL
0.19,0.48,0.4,0.09,0.64,NIL
0.19,0.48,0.4,0.09,0.64,NIL
0.19,0.48,0.4,0.09,0.64,NIL
0.19,0.48,0.4,0.09,0.64,NIL
0.19,0.48,0.4,0.09,0.64,NIL
0.19,0.47,0.4,0.09,0.64,NIL
0.19,0.48,0.4,0.09,0.64,NIL
0.19,0.48,0.4,0.09,0.64,NIL
0.19,0.48,0.4,0.09,0.64,NIL
0.19,0.48,0.4,0.09,0.64,NIL
0.19,0.48,0.4,0.09,0.64,NIL
0.19,0.48,0.4,0.09,0.64,NIL
0.19,0.48,0.4,0.09,0.64,NIL
0.19,0.47,0.4,0.09,0.64,NIL
0.19,0.48,0.4,0.09,0.64,NIL
0.19,0.48,0.4,0.09,0.64,NIL
0.19,0.48,0.4,0.09,0.64,NIL
0.19,0.48,0.4,0.09,0.64,NIL
0.19,0.48,0.4,0.09,0.64,NIL
0.19,0.48,0.4,0.09,0.64,NIL
0.19,0.48,0.4,0.09,0.64,NIL
0.19,0.48,0.4,0.09,0.64,NIL
0.19,0.48,0.4,0.09,0.64,NIL
0.19,0.48,0.4,0.09,0.64,NIL
0.19,0.48,0.4,0.09,0.64,NIL
0.19,0.47,0.4,0.09,0.64,NIL
0.19,0.48,0.4,0.09,0.64,NIL
0.19,0.47,0.4,0.09,0.64,NIL
0.19,0.48,0.4,0.09,0.64,NIL
0.19,0.47,0.4,0.09,0.64,NIL
0.19,0.48,0.4,0.09,0.64,NIL
0.19,0.48,0.4,0.09,0.64,NIL
0.19,0.48,0.4,0.09,0.64,NIL
0.19,0.48,0.4,0.09,0.64,NIL
0.19,0.48,0.4,0.09,0.64,NIL
0.19,0.48,0.4,0.09,0.64,NIL
0.19,0.48,0.4,0.09,0.64,NIL
0.19,0.48,0.4,0.09,0.64,NIL
0.19,0.48,0.4,0.09,0.64,NIL
0.19,0.47,0.4,0.09,0.64,NIL
0.19,0.48,0.4,0.09,0.64,NIL
0.19,0.48,0.4,0.09,0.64,NIL
0.19,0.48,0.4,0.09,0.64,NIL
0.19,0.48,0.4,0.09,0.64,NIL
0.19,0.48,0.4,0.09,0.64,NIL
0.19,0.48,0.4,0.09,0.64,NIL
0.19,0.48,0.4,0.09,0.64,NIL
0.19,0.48,0.4,0.09,0.64,NIL
0.19,0.48,0.4,0.09,0.64,NIL
0.19,0.48,0.4,0.09,0.64,NIL
0.19,0.48,0.4,0.09,0.64,NIL
0.19,0.48,0.4,0.09,0.64,NIL
0.19,0.47,0.4,0.09,0.64,NIL
0.19,0.48,0.4,0.09,0.64,NIL
0.19,0.48,0.4,0.09,0.64,NIL
0.19,0.48,0.4,0.09,0.64,NIL
0.19,0.48,0.4,0.09,0.64,NIL
0.19,0.48,0.4,0.09,0.64,NIL
0.19,0.48,0.4,0.09,0.64,NIL
0.19,0.48,0.4,0.09,0.64,NIL
0.19,0.48,0.4,0.09,0.64,NIL
0.19,0.48,0.4,0.09,0.64,NIL
0.19,0.48,0.4,0.09,0.64,NIL
0.19,0.47,0.4,0.09,0.64,NIL
0.19,0.48,0.4,0.09,0.64,NIL
0.19,0.48,0.4,0.09,0.64,NIL
0.19,0.47,0.4,0.09,0.64,NIL
0.19,0.48,0.4,0.09,0.64,NIL
0.19,0.48,0.4,0.09,0.64,NIL
0.19,0.48,0.4,0.09,0.64,NIL
0.19,0.48,0.4,0.09,0.64,NIL
0.19,0.48,0.4,0.09,0.64,NIL
0.19,0.48,0.4,0.09,0.64,NIL
0.19,0.48,0.4,0.09,0.64,NIL
0.19,0.48,0.4,0.09,0.64,NIL
0.19,0.48,0.4,0.09,0.64,NIL
0.19,0.48,0.4,0.09,0.64,NIL
0.19,0.48,0.4,0.09,0.64,NIL
0.19,0.48,0.4,0.09,0.64,NIL
0.19,0.48,0.4,0.09,0.64,NIL
0.19,0.48,0.4,0.09,0.64,NIL
0.19,0.48,0.4,0.09,0.64,NIL
0.19,0.48,0.4,0.09,0.64,NIL
0.19,0.48,0.4,0.09,0.64,NIL
0.19,0.48,0.4,0.09,0.64,NIL
0.19,0.48,0.4,0.09,0.64,NIL
0.19,0.48,0.4,0.09,0.64,NIL
0.19,0.48,0.4,0.09,0.64,NIL
0.19,0.48,0.4,0.09,0.64,NIL
0.19,0.47,0.4,0.09,0.64,NIL
0.19,0.48,0.4,0.09,0.64,NIL
0.19,0.48,0.4,0.09,0.64,NIL
0.19,0.48,0.4,0.09,0.64,NIL
0.19,0.48,0.4,0.09,0.64,NIL
0.19,0.48,0.4,0.09,0.64,NIL
0.19,0.47,0.4,0.09,0.64,NIL
0.19,0.48,0.4,0.09,0.64,NIL
0.19,0.48,0.4,0.09,0.64,NIL
0.19,0.47,0.4,0.09,0.64,NIL
0.19,0.48,0.4,0.09,0.64,NIL
0.19,0.48,0.4,0.09,0.64,NIL
0.19,0.47,0.4,0.09,0.64,NIL
0.19,0.48,0.4,0.09,0.64,NIL
0.19,0.47,0.4,0.09,0.64,NIL
0.19,0.47,0.4,0.09,0.64,NIL
0.19,0.48,0.4,0.09,0.64,NIL
0.19,0.47,0.4,0.09,0.64,NIL
0.19,0.48,0.4,0.09,0.64,NIL
0.19,0.47,0.4,0.09,0.64,NIL
0.19,0.48,0.4,0.09,0.64,NIL
0.19,0.47,0.4,0.09,0.64,NIL
0.19,0.47,0.4,0.09,0.64,NIL
0.19,0.48,0.4,0.09,0.64,NIL
0.19,0.48,0.4,0.09,0.64,NIL
0.19,0.48,0.4,0.09,0.64,NIL
0.19,0.48,0.4,0.09,0.64,NIL
0.19,0.47,0.4,0.09,0.64,NIL
0.19,0.48,0.4,0.09,0.64,NIL
0.19,0.48,0.4,0.09,0.64,NIL
0.19,0.48,0.4,0.09,0.64,NIL
0.19,0.48,0.4,0.09,0.64,NIL
0.19,0.48,0.4,0.09,0.64,NIL
0.19,0.47,0.4,0.09,0.64,NIL
0.19,0.47,0.4,0.09,0.64,NIL
0.19,0.48,0.4,0.09,0.64,NIL
0.19,0.48,0.4,0.1,0.64,NIL
0.19,0.48,0.4,0.09,0.64,NIL
0.19,0.47,0.4,0.09,0.64,NIL
0.19,0.48,0.4,0.09,0.64,NIL
0.19,0.47,0.4,0.09,0.64,NIL
0.19,0.47,0.4,0.09,0.64,NIL
0.19,0.47,0.4,0.09,0.64,NIL
0.19,0.48,0.4,0.09,0.64,NIL
0.19,0.48,0.4,0.09,0.64,NIL
0.19,0.47,0.4,0.09,0.64,NIL
0.19,0.47,0.4,0.09,0.64,NIL
0.19,0.47,0.4,0.09,0.64,NIL
0.19,0.47,0.4,0.09,0.64,NIL
0.19,0.47,0.4,0.09,0.64,NIL
0.19,0.47,0.4,0.09,0.64,NIL
0.19,0.48,0.4,0.09,0.64,NIL
0.19,0.47,0.4,0.09,0.64,NIL
0.19,0.47,0.4,0.09,0.64,NIL
0.19,0.47,0.4,0.09,0.64,NIL
0.19,0.47,0.4,0.09,0.64,NIL
0.19,0.47,0.4,0.09,0.64,NIL
0.19,0.47,0.4,0.09,0.64,NIL
0.19,0.47,0.4,0.09,0.64,NIL
0.19,0.47,0.4,0.09,0.64,NIL
0.19,0.47,0.4,0.09,0.64,NIL
0.19,0.47,0.4,0.09,0.64,NIL
0.19,0.47,0.4,0.09,0.64,NIL
0.19,0.47,0.4,0.09,0.64,NIL
0.19,0.47,0.4,0.09,0.64,NIL
0.19,0.47,0.4,0.09,0.64,NIL
0.19,0.47,0.4,0.09,0.64,NIL
0.19,0.47,0.4,0.09,0.64,NIL
0.19,0.47,0.4,0.09,0.64,NIL
0.19,0.47,0.4,0.09,0.64,NIL
0.19,0.47,0.4,0.09,0.63,NIL
0.19,0.47,0.4,0.09,0.64,NIL
0.19,0.47,0.4,0.09,0.63,NIL
0.19,0.47,0.4,0.09,0.63,NIL
0.19,0.47,0.4,0.09,0.63,NIL
0.19,0.47,0.4,0.09,0.63,NIL
0.19,0.47,0.4,0.09,0.63,NIL
0.19,0.47,0.4,0.09,0.64,NIL
0.19,0.47,0.4,0.09,0.63,NIL
0.19,0.47,0.4,0.09,0.64,NIL
0.19,0.47,0.4,0.09,0.63,NIL
0.19,0.47,0.4,0.09,0.64,NIL
0.19,0.47,0.4,0.09,0.64,NIL
0.19,0.47,0.4,0.09,0.64,NIL
0.19,0.47,0.4,0.09,0.64,NIL
0.19,0.47,0.4,0.09,0.64,NIL
0.19,0.47,0.4,0.09,0.64,NIL
0.19,0.47,0.4,0.09,0.63,NIL
0.19,0.47,0.4,0.09,0.64,NIL
0.19,0.47,0.4,0.09,0.64,NIL
0.19,0.47,0.4,0.09,0.64,NIL
0.19,0.47,0.4,0.09,0.64,NIL
0.19,0.47,0.4,0.09,0.64,NIL
0.19,0.47,0.4,0.09,0.64,NIL
0.19,0.47,0.4,0.09,0.64,NIL
0.19,0.47,0.4,0.09,0.64,NIL
0.19,0.47,0.4,0.09,0.64,NIL
0.19,0.47,0.4,0.09,0.64,NIL
0.19,0.47,0.4,0.09,0.64,NIL
0.19,0.47,0.4,0.09,0.64,NIL
0.19,0.47,0.4,0.09,0.64,NIL
0.19,0.47,0.4,0.09,0.64,NIL
0.19,0.47,0.4,0.09,0.64,NIL
0.19,0.47,0.4,0.1,0.64,NIL
0.19,0.47,0.4,0.09,0.64,NIL
0.19,0.48,0.4,0.09,0.64,NIL
0.19,0.47,0.4,0.09,0.64,NIL
0.19,0.47,0.4,0.09,0.64,NIL
0.19,0.47,0.4,0.09,0.64,NIL
0.19,0.47,0.4,0.09,0.63,NIL
0.19,0.47,0.4,0.09,0.64,NIL
0.19,0.47,0.4,0.09,0.64,NIL
0.19,0.47,0.4,0.09,0.64,NIL
0.19,0.47,0.4,0.09,0.64,NIL
0.19,0.47,0.4,0.09,0.64,NIL
0.19,0.47,0.4,0.09,0.64,NIL
0.19,0.47,0.4,0.09,0.64,NIL
0.19,0.47,0.4,0.09,0.64,NIL
0.19,0.47,0.4,0.09,0.64,NIL
0.19,0.47,0.4,0.09,0.64,NIL
0.19,0.47,0.4,0.09,0.64,NIL
0.19,0.47,0.4,0.09,0.64,NIL
0.19,0.47,0.4,0.09,0.64,NIL
0.19,0.47,0.4,0.09,0.64,NIL
0.19,0.47,0.4,0.09,0.64,NIL
